id,city,country,region,short_description,culture,adventure,nature,beaches,nightlife,cuisine,wellness,urban,seclusion
c54acf38-3029-496b-8c7a-8343ad82785c,Milan,Italy,europe,"Chic streets lined with fashion boutiques, historic architecture, and lively piazzas create a sophisticated yet welcoming atmosphere, perfect for leisurely exploration.",5,2,2,1,4,5,3,5,2
0bd12654-ed64-424e-a044-7bc574bcf078,Yasawa Islands,Fiji,oceania,"Crystal-clear waters, secluded beaches, and vibrant coral reefs create a serene paradise perfect for unwinding and immersing in natural beauty.",2,4,5,5,2,3,4,1,5
73036cda-9134-46fc-a2c6-807782d59dfb,Whistler,Canada,north_america,"Snow-capped peaks and lush forests create a serene escape, where outdoor adventures meet cozy village vibes and crisp mountain air.",3,5,5,2,3,3,4,2,4
3872c9c0-6b6e-49e1-9743-f46bfe591b86,Guanajuato,Mexico,north_america,"Winding cobblestone streets and colorful facades create a charming, vibrant atmosphere, where history and lively festivals fill the air with excitement.",5,3,3,1,3,4,3,4,2
e1ebc1b6-8798-422d-847a-22016faff3fd,Surabaya,Indonesia,asia,"Bustling streets filled with the aroma of local spices, vibrant markets, and a rich cultural tapestry invite exploration and discovery.",4,3,3,2,3,4,3,4,2
26bd92cc-1bd7-46bc-a132-9c227115194a,Nuuk,Greenland,north_america,"Rugged landscapes meet the calm of icy fjords, where the crisp air and vibrant local culture create a unique Arctic charm.",3,4,5,2,2,3,2,2,5
20f80ed8-ce7f-43ad-a34d-a0cb156f5d4e,Windhoek,Namibia,africa,"A blend of modernity and tradition, with bustling markets, German colonial architecture, and the vast Namibian landscape providing a unique backdrop.",3,4,4,1,3,3,3,3,4
0dae5759-947a-40c9-aaea-e2e647f1061e,Kingston,Jamaica,north_america,"Vibrant streets pulse with reggae rhythms, while lush hills and beaches offer a serene escape, creating a captivating blend of energy and tranquility.",4,3,3,3,4,4,3,3,2
4e2d3678-bbb3-428e-a1df-0ba956ef3c77,Nafplio,Greece,europe,"Charming cobblestone streets, vibrant bougainvillea, and the gentle sea breeze create a serene atmosphere perfect for leisurely exploration and relaxation.",4,3,4,3,3,4,3,3,4
b78d096a-87d0-4010-baac-e4879cab6aa9,Tbilisi,Georgia,asia,"Cobblestone streets wind through eclectic neighborhoods, where vibrant markets and ancient architecture create a welcoming blend of history and modern charm.",4,3,3,1,3,4,3,3,3
d5bca023-e7ef-45a6-bbf3-f27313ce544d,Heidelberg,Germany,europe,"Cobblestone streets lined with charming old buildings and the gentle flow of the Neckar River create an inviting, romantic atmosphere.",5,2,4,1,3,4,3,3,4
a881b470-86d0-4ce0-913b-1d453f68466e,Hobart,Australia,oceania,"Charming waterfront views and a laid-back vibe invite exploration through historic streets, bustling markets, and the surrounding natural beauty of rugged landscapes.",4,3,5,3,2,4,3,3,4
6234202f-ff97-4d9b-955f-92bccb61c317,Nagasaki,Japan,asia,"Steeped in history and surrounded by lush hills, this city offers a poignant mix of serene gardens and vibrant cultural experiences.",4,2,3,2,3,4,3,3,3
4dd122b5-7ab0-48b0-999b-dd08231fd517,Utrecht,Netherlands,europe,"Charming canals lined with cozy cafés and historic buildings create a warm, inviting atmosphere perfect for leisurely strolls and quiet exploration.",4,2,3,1,4,4,3,4,3
9a90f31c-7073-4cdd-a6d1-6a6a1cbb4e8f,Bagan,Myanmar,asia,"Ancient temples rise from misty plains, where the golden glow of sunrise paints a serene landscape that feels both timeless and mystical.",5,3,4,1,1,3,2,2,4
46cdc57e-d4d6-49a4-819a-5b8161bbdb3e,Malmö,Sweden,europe,"Charming canals, innovative architecture, and a laid-back vibe make it perfect for leisurely strolls and exploring vibrant cultural scenes.",4,3,3,3,3,4,3,4,2
5aab6f8f-70db-41a8-a1fb-e8d9026e533b,Amsterdam,Netherlands,europe,"Charming canals wind through vibrant neighborhoods, where historic architecture meets cozy cafés and the air buzzes with a creative energy.",5,3,3,2,5,4,3,5,2
8755d625-7efa-4e92-aed9-cb2386083a44,New York,United States,north_america,"The city buzzes with energy, offering iconic skylines, diverse cultures, and a sensory overload of sights, sounds, and tastes at every corner.",5,3,3,2,5,5,3,5,1
79a47311-1ffb-44d1-bd87-a1a9fb190f40,Chicago,United States,north_america,"Dynamic streets filled with diverse food, vibrant arts, and stunning architecture create a lively yet welcoming urban atmosphere by the lake.",5,3,3,2,5,5,3,5,2
630b0ecb-8651-476e-803d-b65f99f342a3,Raleigh,United States,north_america,"Tree-lined streets and historic architecture mix with modern art scenes and vibrant food markets, offering a warm, welcoming southern charm.",4,3,4,2,3,4,3,4,3
0d1ac2c5-e3d5-40b5-ad56-01f3d67710ab,Trondheim,Norway,europe,"Charming wooden houses, crisp Nordic air, and a vibrant student atmosphere create a cozy yet lively vibe that's both welcoming and invigorating.",4,3,4,2,3,3,3,3,4
955899e4-7ccb-4b6a-a85c-a9b73efe6876,Bruges,Belgium,europe,"Cobblestone streets lined with medieval architecture and the aroma of fresh waffles create a charming and nostalgic atmosphere, perfect for leisurely exploration.",5,2,3,1,3,4,3,3,4
57239ab4-5376-4b81-a35e-fc8a27fb5812,Reykjavik,Iceland,europe,"Colorful rooftops, crisp sea air, and the allure of geothermal pools create a unique blend of natural beauty and urban charm.",3,4,5,2,3,3,4,3,4
6d8f232e-d34d-4dac-95c4-e01d7983124c,Seoul,South Korea,asia,"A dynamic blend of futuristic skyscrapers and ancient palaces, bustling markets, and tranquil parks, creating an energetic yet harmonious urban experience.",5,3,3,2,5,5,4,5,2
86f34228-6edb-4171-ba62-79fffa9e06f6,Ankara,Turkey,asia,"A blend of modern and historic vibes, offering bustling markets, serene parks, and a rich tapestry of cultural experiences.",4,2,3,1,3,4,3,4,2
fa445d6d-7fb4-4832-ba37-08ff468a1430,Kyoto,Japan,asia,"Serene temples and vibrant gardens blend with the gentle rustle of bamboo forests, creating a tranquil yet deeply enriching experience.",5,2,4,1,2,5,3,3,4
1fd503e7-d209-40c1-abd0-299af9c7d4de,Tampa,United States,north_america,"Sun-drenched streets, vibrant waterfronts, and a lively cultural scene create an inviting mix of relaxation and adventure for visitors.",3,3,4,4,4,4,3,3,2
39e15d15-ec4c-4ba9-9cd5-6775945aad8f,Dublin,Ireland,europe,"Charming cobblestone streets, lively pubs filled with music, and a rich tapestry of history create a welcoming and vibrant atmosphere.",4,2,3,2,4,4,3,4,2
c0cc2c39-9e57-4edd-8696-2119a96ca6cb,Washington,United States,north_america,"Majestic landscapes blend with vibrant city life, offering a mix of natural beauty, cultural richness, and a welcoming atmosphere.",5,2,3,1,4,4,3,5,2
dd54b0e6-43e7-4be6-9eb4-5e4863f25f52,Livingstone,Zambia,africa,"Feel the rush of cascading waterfalls and the thrill of wildlife encounters, all amidst a backdrop of vibrant sunsets and warm local hospitality.",3,5,5,2,2,3,3,2,4
09323a57-0f0c-4190-9ce5-e689efe6137d,Kraków,Poland,europe,"Cobblestone streets lead to vibrant squares filled with the buzz of locals and tourists alike, offering a blend of history and lively culture.",5,2,3,1,4,4,3,4,2
87177e3c-1535-45af-a1e7-e65357f2c0d3,Petra,Jordan,middle_east,"Wandering through ancient canyons, you'll feel the echoes of history in the rose-red stone, with every step revealing stunning, time-worn architecture.",5,4,4,1,1,3,2,1,4
50dc5be0-a23e-4da3-aecc-f5f095c26bdb,Athens,Greece,europe,"Ancient ruins stand proudly against a backdrop of vibrant street life and bustling markets, where history and modernity create an electrifying blend.",5,3,3,3,4,5,3,4,2
769e57b7-a2fe-4eb9-8d39-4c7a0b940c02,Malé,Maldives,asia,"Vibrant markets, azure waters, and the gentle hum of island life create an inviting atmosphere that feels both exotic and familiar.",2,3,5,5,2,3,4,3,3
163cf783-592c-448f-b33c-f28ac7cce617,Austin,United States,north_america,"Live music spills from vibrant bars, food trucks serve up eclectic flavors, and the warm, welcoming vibe makes you feel instantly at home.",4,3,3,1,5,5,3,4,2
e3597f71-7e84-47f9-b3f2-567398c8fcdd,Pago Pago,American Samoa,oceania,"Lush green mountains meet crystal-clear waters, where laid-back island vibes and vibrant Polynesian culture create a welcoming and serene atmosphere.",3,4,5,4,2,3,3,2,4
e8ad2770-6863-4e5c-a993-04884328802e,Luanda,Angola,africa,"A bustling port city with vibrant markets, lively music scenes, and a warm coastal breeze that invites exploration and discovery.",3,3,3,3,3,4,2,3,2
ae842628-e555-44fe-881f-93ac5378c589,New Orleans,United States,north_america,"Lively streets echo with jazz, while the scent of Creole cuisine fills the air, creating a vibrant and soulful experience.",5,3,2,2,5,5,3,4,2
4574d558-f5fa-4e6e-bead-e21b8cf0edcc,Raja Ampat,Indonesia,asia,"Crystal-clear waters teeming with vibrant marine life and secluded islands offer a serene escape, perfect for snorkeling and diving enthusiasts seeking adventure.",2,4,5,5,1,3,3,1,5
fa34b503-34f8-42a2-b918-a96c507e1378,Hamilton Island,Australia,oceania,"Turquoise waters and lush landscapes create a serene escape, where gentle sea breezes and vibrant sunsets offer a perfect island retreat.",2,4,5,5,3,4,4,2,4
677fa6ef-b91a-4438-a73d-d497fc7cf2d8,Melbourne,Australia,oceania,"A vibrant mix of street art, diverse cuisine, and lively laneways create an atmosphere that's both exciting and warmly inviting.",5,3,3,3,4,5,4,5,2
32ad5264-2d93-468d-84a0-f816c4833366,Puebla,Mexico,north_america,"Cobblestone streets filled with vibrant colors, lively markets, and the aroma of rich mole create an inviting and warm atmosphere.",5,3,3,1,3,5,3,4,2
1a3cc3d3-d65f-481f-acc0-424bd9c3210e,Richmond,United States,north_america,"Historic streets lined with charming brick buildings, vibrant art scenes, and the gentle flow of the James River create a welcoming atmosphere.",4,3,3,2,3,4,3,3,3
5324f69c-3393-469d-b375-8f6e92fa085a,Bridgetown,Barbados,north_america,"Warm ocean breezes mingle with the rhythmic beats of calypso music, creating an inviting atmosphere perfect for unwinding and exploration.",3,3,4,5,4,4,4,3,2
fe145875-322b-408f-8ce9-f4d04baf00a7,Oaxaca City,Mexico,north_america,Colorful streets filled with vibrant markets and the aroma of rich mole sauces create a warm and inviting cultural tapestry.,5,3,3,1,3,5,3,3,3
bf232406-1a85-47a5-9287-6ba81272a3f0,San Sebastián,Spain,europe,"Golden beaches meet vibrant pintxo bars and lush green hills, creating a lively yet laid-back atmosphere perfect for unwinding and exploring.",4,3,3,5,4,5,3,3,2
2216dc6e-cb6a-4107-b6ea-dceebd9a53eb,Sedona,United States,north_america,"Red rock formations create a stunning backdrop for peaceful hikes, art galleries, and spiritual retreats, offering a serene escape from the everyday hustle.",3,4,5,1,2,3,5,2,4
5a944377-dccf-4cc1-9234-de053e9cc1d2,Cotonou,Benin,africa,"Bustling markets, vibrant street life, and warm coastal breezes create an inviting atmosphere filled with rich cultural experiences and local charm.",4,3,3,3,3,4,2,3,3
9ea78120-75de-4bce-b095-fb0811a3294f,Sarajevo,Bosnia and Herzegovina,europe,"Cobblestone streets echo with the sound of church bells and the call to prayer, creating a unique blend of cultures and histories.",4,3,3,1,3,4,3,3,3
dfed6949-406d-4064-8c2e-5c794ded2e27,Tirana,Albania,europe,"Vibrant streets filled with eclectic architecture, lively markets, and welcoming locals create an inviting atmosphere that feels both dynamic and laid-back.",3,3,3,2,3,3,3,3,2
8221d5a5-e813-4993-9bf6-c2bac26d0cb8,Rio de Janeiro,Brazil,south_america,"Vibrant streets pulse with samba rhythms, stunning beaches meet lush mountains, and every corner offers a burst of color and life.",4,4,5,5,5,4,3,4,2
056161c2-b2c6-40f9-8546-bef688dd90e7,Curitiba,Brazil,south_america,"Lush parks, innovative urban design, and a blend of cultures create a refreshing and vibrant cityscape that feels both modern and welcoming.",4,3,4,1,3,4,3,4,3
12ffe1e2-6387-46d6-8bbb-267855faf5f8,Phnom Penh,Cambodia,asia,"Bustling streets filled with the aroma of street food, vibrant markets, and a rich tapestry of history create an unforgettable atmosphere.",4,3,2,1,3,4,2,3,2
807e0033-d4ff-4257-bcbc-60da406b8e4d,Fès,Morocco,africa,"Winding alleys filled with vibrant souks, the aroma of spices, and the sound of artisans at work create an enchanting, timeless atmosphere.",5,2,2,1,2,4,3,3,3
ab9a9d64-58c2-4cb0-a9ad-81ed9b17cd69,Toronto,Canada,north_america,"Dynamic streets buzzing with diverse cultures, vibrant art scenes, and a skyline that hugs the shimmering lake make for an inviting urban experience.",4,3,3,2,4,4,3,5,2
749963fe-2962-4ffe-b78a-391afdd6a7bf,Lucca,Italy,europe,"Wander through cobblestone streets surrounded by ancient walls, where charming piazzas and the aroma of fresh Italian cuisine fill the air.",4,2,3,2,2,4,3,3,4
ab8dc374-5acd-430f-b940-7885899ef8c5,Edmonton,Canada,north_america,"Wide-open streets, a lively arts scene, and vibrant festivals create a welcoming atmosphere that feels both dynamic and comfortably laid-back.",4,3,4,1,3,3,3,3,2
3c6506e6-c494-4622-aba3-2ba895530c7a,Barcelona,Spain,europe,"Vibrant streets filled with Gaudí's whimsical architecture, lively tapas bars, and the warm Mediterranean breeze create an inviting and dynamic atmosphere.",5,3,3,4,5,5,3,5,2
75c6f7c9-5c87-464a-9c28-c91ecd55da98,Banff,Canada,north_america,"Majestic mountains, crystal-clear lakes, and fresh alpine air create a breathtakingly serene atmosphere, perfect for nature lovers and adventure seekers alike.",3,5,5,1,2,3,4,2,4
a4f86f85-430e-400a-bda5-315c7bdefd57,Maputo,Mozambique,africa,"Bustling markets, vibrant street life, and the rhythmic sounds of local music create a lively and colorful atmosphere to explore.",3,3,4,4,3,4,3,3,2
a010e07c-cf4b-4cf9-8b08-40df2094addd,Dar es Salaam,Tanzania,africa,"Lively markets, vibrant street life, and the warm Indian Ocean breeze create a dynamic and welcoming atmosphere full of local charm.",4,3,4,4,3,4,3,3,2
61a3b6e3-f03f-42e4-b10d-80a3d1aec106,Hamilton,Bermuda,north_america,"Charming streets lined with pastel buildings and the gentle sea breeze create a laid-back, yet vibrant island atmosphere.",3,3,4,5,3,4,4,3,2
5cf8ffe5-b559-43a9-a030-fcf73b09400b,Santiago de Chile,Chile,south_america,"A vibrant city where modern skyscrapers meet historic streets, offering stunning mountain views and a lively cultural scene full of energy.",4,4,4,2,4,4,3,4,2
273ff2d2-80b8-4886-81e4-1908a11e6f5a,Shanghai,China,asia,"Vibrant streets pulse with energy, blending futuristic skyscrapers with ancient temples, while enticing aromas from street food stalls fill the air.",5,3,2,1,5,5,3,5,2
459b1d00-2b6e-4158-afe5-e091350990fe,Kathmandu,Nepal,asia,"Nestled in a valley surrounded by towering peaks, the city buzzes with vibrant markets, ancient temples, and the aroma of spices.",5,4,4,1,2,4,3,3,2
60ac5495-4952-41a0-a2e8-d321d2f23a4d,Auckland,New Zealand,oceania,"A lively harbor city where lush landscapes meet urban sophistication, offering a vibrant mix of cultures, flavors, and stunning coastal views.",3,4,4,3,4,4,3,4,2
77b02e0f-770c-4fa7-b0a5-7cde588b203d,Québec City,Canada,north_america,"Cobblestone streets and historic architecture create a charming, old-world atmosphere, while the aroma of fresh pastries fills the crisp air.",5,3,4,2,3,4,3,3,3
ca07286f-3b0c-4fd3-acae-444e7514def0,Bogotá,Colombia,south_america,"A vibrant mix of colonial charm and modern energy, with bustling markets, rich history, and stunning mountain views that invigorate the senses.",4,3,3,1,4,4,3,4,2
db0dcdf1-2bea-470f-935f-2c98bd125592,Avarua,Cook Islands,oceania,"Tropical breezes and stunning ocean views create a laid-back island vibe, inviting you to unwind and soak in the serene beauty.",3,3,4,5,2,3,4,2,4
ae02cf5f-1483-4054-9122-186c5eb08664,Izmir,Turkey,asia,"Coastal breezes carry the scent of the sea through bustling markets and lively streets, offering a vibrant yet laid-back Mediterranean vibe.",4,3,3,4,3,4,3,4,2
ba4d54dd-0e8d-4039-aad9-1f246fdacadb,Skopje,North Macedonia,europe,"Wandering through eclectic streets, you'll encounter a blend of ancient history and modern quirks, with vibrant markets and grand statues at every turn.",4,3,3,1,3,3,2,3,3
38c4cd22-ea4a-4ae1-961b-939933868829,Cartagena,Colombia,south_america,"Winding cobblestone streets, vibrant colonial architecture, and the rhythmic sound of salsa create a lively and colorful coastal atmosphere.",5,3,3,4,4,4,3,4,2
32c4ac7c-550f-417c-afcc-a1dc2b183e8f,Dubrovnik,Croatia,europe,"Wander through ancient stone streets, bask in the Adriatic sun, and feel the blend of history and sea breeze at every corner.",5,3,4,4,3,4,3,3,2
f139e95f-1d18-40b9-a7f0-f8d908c05e53,Bergen,Norway,europe,"Charming waterfront views, colorful wooden houses, and the fresh scent of sea air make this coastal city feel both cozy and invigorating.",4,4,5,2,3,3,3,3,4
6a0bce48-86be-4f4c-9106-9308a936d565,Bocas del Toro,Panama,north_america,"Crystal-clear waters lap against palm-fringed beaches, while vibrant marine life and laid-back island vibes create an unforgettable tropical escape.",3,4,5,5,3,3,3,2,4
7c623237-bc71-4ba0-ae74-a64b0201eeba,Santo Domingo,Dominican Republic,north_america,"Lively streets filled with the sound of merengue, colonial architecture, and the aroma of local cuisine create an inviting and vibrant atmosphere.",4,3,3,4,4,4,3,4,2
198847d2-1823-4b9d-98dc-c9b9d22eb768,Baños,Ecuador,south_america,"Lush green mountains, steaming thermal pools, and the thrill of adventure sports create an exhilarating yet serene escape in this enchanting town.",3,5,5,1,3,3,4,2,4
24446934-6d3a-4d1d-89e6-82c8337fd26c,Cairo,Egypt,africa,"Bustling streets filled with vibrant markets, the aroma of spices, and the awe-inspiring sight of ancient pyramids create an unforgettable experience.",5,3,3,2,3,4,3,4,2
1c516349-193b-4421-9959-ad6cefe95efd,Iquitos,Peru,south_america,"Lush rainforests, vibrant markets, and the hum of riverboats create an atmosphere buzzing with life and natural wonder.",3,5,5,1,2,3,2,2,4
2ebb8f10-653a-47d5-a403-f7a441bbc0a4,Charlotte,United States,north_america,"Bustling streets lined with towering trees, vibrant arts scenes, and a warm Southern hospitality create a welcoming and lively atmosphere.",3,3,3,1,3,3,3,4,2
caf79b01-70b6-450b-9601-66fdadb8df39,Marseille,France,europe,"A lively port city with Mediterranean flair, bustling markets, and a mix of historic charm and modern vibrancy, offering endless exploration.",4,3,3,3,4,4,3,4,2
a93b9a93-c474-483c-9d27-8bb1f8b0090c,Malabo,Equatorial Guinea,africa,"Tropical breezes mingle with the vibrant energy of colorful markets and lively streets, offering a warm and welcoming cultural experience.",3,3,4,3,2,3,2,2,4
c7d691ad-b361-404d-a6e4-ab4f7a4120c8,Mbabane,Eswatini,africa,"Surrounded by lush mountains, the city offers a relaxed atmosphere where vibrant markets and friendly locals create an inviting experience.",3,3,4,1,2,3,3,2,4
ad6338c1-1ad3-4f1c-8c78-26d7c86078fd,Sofia,Bulgaria,europe,"Charming streets lined with eclectic architecture and vibrant markets invite you to immerse in a blend of history, culture, and modern energy.",4,3,3,1,3,4,3,3,2
6d6a0097-d1d4-40f0-b2ae-28d0c9ab9dfc,San Marino,San Marino,europe,"Perched atop rolling hills, this charming enclave offers medieval towers, cobblestone streets, and sweeping vistas, inviting a leisurely exploration of its storied past.",4,2,3,1,2,3,2,3,4
45c083b3-fc34-4d42-b74a-cd9dffe4156a,Berlin,Germany,europe,"Eclectic streets filled with history, art, and a dynamic cultural scene create an atmosphere that's both invigorating and deeply engaging.",5,3,2,1,5,4,3,5,2
9f3e50a0-752d-42f5-b129-72d7880beab7,Helsinki,Finland,europe,"A blend of modern design and serene nature, where crisp air and cozy cafes invite you to unwind and explore.",4,3,4,2,3,4,4,4,3
8cc00822-8c1e-4446-ba89-0a35128ad69a,Warsaw,Poland,europe,"Historic streets blend with modern vibes, where cozy cafes and vibrant squares invite leisurely strolls and a taste of local culture.",4,2,3,1,4,4,3,4,2
be181851-282e-409b-9626-1da82ed060f5,Verona,Italy,europe,"Charming streets with a romantic vibe, historic architecture, and cozy piazzas invite leisurely strolls and delightful discoveries at every turn.",5,2,3,1,3,4,3,4,3
3a70dff6-b805-4e41-accf-480d43ed6ba7,Annecy,France,europe,"Charming canals and cobblestone streets weave through a picturesque town, surrounded by stunning alpine views and the serene waters of a crystal-clear lake.",4,4,5,3,3,4,3,3,4
2f3a6926-553f-4d7a-acf8-5b17af6f2e93,Colombo,Sri Lanka,asia,"Lively streets filled with the aroma of spices, historic temples, and a coastal breeze create a vibrant and welcoming atmosphere.",4,3,3,3,3,4,3,4,2
25b9fbd9-78cb-4b0c-a050-2488c9431275,Fraser Island,Australia,oceania,"Endless stretches of sandy beaches, lush rainforests, and crystal-clear freshwater lakes create a serene escape filled with natural wonders and tranquility.",2,5,5,5,1,2,3,1,4
8394f9fd-03fe-4dca-9e73-4598909d2450,Dakar,Senegal,africa,"Bustling markets, rhythmic music, and vibrant street life create an energetic atmosphere that's both captivating and welcoming.",4,3,3,4,3,4,3,3,2
5f6b28e0-a6a1-4665-81ca-ebb074134424,Wadi Rum,Jordan,middle_east,"Expansive red sands and towering sandstone cliffs create a surreal landscape, inviting exploration and offering moments of profound tranquility under star-filled skies.",3,5,5,1,1,3,3,1,5
d7e45496-f17a-4187-a9a5-ce30958370bf,Munich,Germany,europe,"Historic streets filled with the aroma of pretzels and beer, vibrant festivals, and a charming blend of tradition and modernity await.",5,3,3,1,4,4,3,5,2
139d05b0-435f-42e5-850f-3aa57ac0fefb,Freiburg,Germany,europe,"Charming cobblestone streets, lush greenery, and a welcoming vibe create a perfect blend of nature and history, inviting you to explore leisurely.",4,3,5,1,3,3,3,3,4
155b4225-a616-4f5e-ad82-a692458165d1,Singapore,Singapore,asia,"A bustling cityscape where futuristic architecture meets lush green spaces, offering a vibrant blend of cultures and flavors at every corner.",4,3,3,3,4,5,4,5,2
5ace1d13-c389-478b-927a-71d8f98a903d,Piran,Slovenia,europe,Charming cobblestone streets lead you through a town where the sea breeze mingles with the aroma of fresh seafood and vibrant markets.,4,3,4,4,3,4,3,3,4
771fda85-870b-4dcb-ad42-763aa6a6fbb0,Valletta,Malta,europe,Sun-drenched streets lined with baroque architecture and vibrant markets create a charming blend of history and lively Mediterranean spirit.,5,2,3,3,3,4,3,3,2
12720905-6c3e-4a3f-a805-6b30460843b6,Thessaloniki,Greece,europe,"Lively waterfronts, aromatic tavernas, and ancient ruins blend seamlessly with a youthful energy that invites exploration and leisurely enjoyment.",4,3,3,3,4,5,3,4,2
283c7ec9-07c6-4f35-a986-495aea46ee15,Georgetown,Guyana,south_america,"Lush greenery and colonial architecture meet vibrant local markets and a lively Caribbean vibe, offering a unique and welcoming atmosphere.",4,4,5,2,3,3,3,3,4
2756e007-9330-4d8c-8e7c-1cb2bfd5a1fe,Jeju Island,South Korea,asia,"Lush green landscapes, volcanic craters, and serene beaches create a tranquil escape, perfect for soaking in natural beauty and peaceful vibes.",3,4,5,4,3,4,4,2,4
df9d25a4-a439-4fe3-9b2a-1f1caba531b9,Valencia,Spain,europe,"Sun-drenched streets lined with orange trees, vibrant markets, and a seamless blend of ancient history and modern art create a captivating atmosphere.",4,3,4,4,4,5,3,4,3
45ad5739-256e-4580-aead-6148dc11f958,Hoi An,Vietnam,asia,"Charming lantern-lit streets, bustling markets, and the scent of fresh herbs create an inviting atmosphere that feels both timeless and vibrant.",5,3,3,3,2,5,3,2,4
333aa3ee-33b8-4db0-b7a4-6fe335b33f37,Kolkata,India,asia,"Bustling streets filled with the aroma of spices, vibrant markets, and colonial architecture create an inviting atmosphere full of life and history.",5,2,3,1,3,5,3,4,2
c7b3c669-a693-485a-96ec-6b1147b80d11,Budapest,Hungary,europe,"Charming streets lined with historic architecture and lively ruin bars create a welcoming vibe, where tradition meets a vibrant, modern energy.",5,3,3,1,5,4,5,4,2
17468e16-e2af-4354-964d-a941191771d7,Yogyakarta,Indonesia,asia,"A vibrant blend of traditional Javanese culture and modern energy, where bustling markets and ancient temples create a rich sensory tapestry.",5,3,4,2,3,4,3,3,3
8418d235-a78e-43fc-bdae-3f7c45ac67ca,Monaco,Monaco,europe,"Glamorous streets lined with luxury cars and yachts, where the Mediterranean breeze mingles with the scent of high-end cuisine and opulence.",4,2,3,3,5,4,3,5,2
f3126fe6-bf7d-442c-951e-4c59aa34c417,Rome,Italy,europe,"Ancient ruins stand proudly amidst bustling piazzas, where the aroma of fresh pasta and the echoes of street musicians fill the air.",5,3,3,2,4,5,3,5,2
54ee0cc1-402d-42fc-a453-e5a7d5089247,Stockholm,Sweden,europe,"Charming waterfronts, crisp Nordic air, and a seamless blend of old-world charm and modern design create a unique and inviting atmosphere.",4,3,4,2,4,4,3,5,3
9226f6e6-02df-48b5-be28-c7d65ae84d5e,Taipei,Taiwan,asia,"Bustling night markets filled with tantalizing aromas, serene temples, and lush green hills create a vibrant and welcoming atmosphere.",4,3,3,2,4,5,3,4,2
a81ab0eb-12ab-4dd4-97c6-cc74e1c0cbaa,Tokyo,Japan,asia,"Neon-lit streets pulse with energy, while serene gardens and ancient temples offer a peaceful escape, creating a captivating blend of modernity and tradition.",5,2,2,1,5,5,3,5,1
46a4a4b9-6bf0-4461-9c58-f1961e60a1e9,Noumea,New Caledonia,oceania,"A tropical blend of French sophistication and island charm, with vibrant markets, azure waters, and a laid-back, sun-soaked vibe.",3,3,4,4,3,4,3,3,3
3945728c-0c92-4d4f-aef2-000b2e1a657f,Palermo,Italy,europe,"Sun-drenched streets filled with the aroma of street food, lively markets, and stunning architecture create an enchanting and vibrant atmosphere.",4,2,3,3,3,5,3,4,2
33bfc52d-e48e-4738-be09-ddfa3cfb6603,Sicily,Italy,europe,"Sun-drenched landscapes, aromatic citrus groves, and vibrant markets create a sensory feast, while ancient ruins whisper stories of a rich, layered history.",5,3,4,4,3,5,3,3,3
84861e0c-6b58-4b8f-a16e-ca371a9c01cd,Amman,Jordan,middle_east,"Bustling markets, aromatic spices, and ancient ruins create a vibrant atmosphere that blends history with the lively rhythms of modern life.",4,3,3,1,3,4,3,4,2
4a16fb5b-86c8-483f-a0a2-d4b5619efd0e,Nairobi,Kenya,africa,"Bustling streets filled with colorful markets, the aroma of street food, and a lively mix of cultures create a dynamic urban experience.",4,4,5,1,3,3,3,4,2
426c4735-6fab-4da6-9c81-6307beb32236,Panama City,Panama,north_america,Humid evenings and skyscraper views contrast beautifully with colorful historic quarters and lush jungle landscapes within easy reach.,4,3,4,3,4,4,3,4,2
900f7bad-dc7e-4017-a6a9-16e3211d110b,Nagoya,Japan,asia,"A city where modern skyscrapers meet historic castles, offering a rich blend of tradition and innovation with a laid-back vibe.",4,2,3,1,3,4,3,4,2
03c5ff46-5be3-423a-a2e1-f0ede04ca279,Fukuoka,Japan,asia,"Coastal breezes blend with vibrant city life, offering a friendly atmosphere, delicious street food, and a seamless mix of modern and traditional experiences.",4,3,3,3,4,5,3,4,2
74275da0-d33c-4624-b50f-f3d254eaf9a8,Maseru,Lesotho,africa,"Surrounded by dramatic landscapes, this city offers a blend of bustling markets, friendly locals, and a unique cultural tapestry to explore.",3,4,4,1,2,2,2,2,3
59358844-732e-44cc-8fc8-fd7266474a8f,Mexico City,Mexico,north_america,"Vibrant streets teeming with life, colorful markets, and the aroma of street food create an eclectic and exhilarating urban experience.",5,3,3,1,5,5,3,5,2
ecfe7100-f347-4fc1-bae0-f7d38c9a82ac,Doha,Qatar,middle_east,"Modern architecture meets traditional souks, with the aroma of spices and the warm desert breeze creating a welcoming and vibrant atmosphere.",4,3,2,3,3,4,4,5,2
5e646c11-3635-4227-94f1-9c1872ce3ee8,Astana,Kazakhstan,asia,"Futuristic architecture and expansive boulevards create a surreal atmosphere, blending modernity with cultural depth, offering an intriguing and unique urban experience.",3,2,2,1,3,3,3,4,2
7a01b324-f2b0-4249-a575-16a5eaa65a33,Luang Prabang,Laos,asia,"Serene streets lined with French colonial architecture, vibrant night markets, and the gentle flow of the Mekong River create a peaceful, timeless charm.",5,3,4,1,2,4,4,2,5
a5d58454-66d9-466a-870f-a490ad04b2fd,Oaxaca,Mexico,north_america,"Colorful markets, aromatic street food, and vibrant festivals create an immersive experience that feels both lively and deeply rooted in tradition.",5,3,4,2,3,5,3,3,3
b4770bbe-7d7e-400d-9e43-c208fad6fdee,Kaunas,Lithuania,europe,"Charming cobblestone streets, vibrant street art, and a laid-back vibe invite you to explore its rich history and creative energy.",4,2,3,1,3,3,3,3,3
f33d7ecf-5952-4341-80cd-37c6d1b9b092,Podgorica,Montenegro,europe,"A blend of modern and traditional vibes, where lively streets meet serene parks, offering a warm and welcoming atmosphere.",3,3,4,2,3,3,3,3,3
99b5a71f-eead-4050-a7a4-df5e16a42c0b,Kuching,Malaysia,asia,"A blend of colonial charm and vibrant markets, with lush greenery and the gentle flow of the Sarawak River creating a serene atmosphere.",4,3,4,2,3,4,3,3,4
6eeed41e-07f1-4e44-85d3-a04a06bb3500,Port Louis,Mauritius,africa,"A bustling port city where vibrant markets, colonial architecture, and the scent of street food create a lively and colorful atmosphere.",4,3,4,5,3,4,3,3,2
5e2fff6d-15ae-4deb-80a8-6f18d730d9f8,Beira,Mozambique,africa,Warm ocean breezes mix with the vibrant energy of local markets and the relaxed charm of coastal streets lined with casuarina trees.,3,3,3,3,2,3,2,2,3
3ecbe7bd-d9a0-4690-9ab2-5e143f92fe64,Salalah,Oman,middle_east,"Lush green landscapes meet the Arabian Sea, creating a serene atmosphere filled with the scent of frankincense and the sound of gentle waves.",3,3,5,4,2,3,3,2,4
5af283b6-2a6b-4fb1-893d-953529dbad3b,Pretoria,South Africa,africa,"Wide tree-lined avenues and vibrant jacaranda blooms create a serene backdrop for exploring cultural landmarks and lively markets in a warm, welcoming atmosphere.",4,3,4,1,3,4,3,4,2
cc659b5c-096d-4c4e-be39-a30676e948d9,Monterrey,Mexico,north_america,"Nestled between dramatic mountains, the city offers a vibrant blend of modern life and cultural richness, with lively streets and friendly locals.",4,3,4,1,4,4,3,4,2
976ddd49-62ec-4b58-8ef1-d079b2f6bcdf,Chisinau,Moldova,europe,"Tree-lined streets and Soviet-era architecture mix with lively markets and cozy wine bars, offering a unique and welcoming vibe.",3,2,3,1,3,3,2,3,3
2ea04a64-c0d2-4cad-8923-b83c11109f4b,Oslo,Norway,europe,"Modern architecture meets stunning natural landscapes, with serene fjords and vibrant city life offering a unique blend of tranquility and excitement.",4,3,4,2,3,4,4,4,3
c0ddb6a7-e9b0-480f-8e05-54b316638198,Paramaribo,Suriname,south_america,"Lush greenery, colonial architecture, and vibrant street markets create a lively atmosphere where tropical warmth meets cultural diversity.",4,3,4,2,3,4,3,3,3
5c528d71-fa3e-40c1-b8ac-0cc2724db702,Kotor,Montenegro,europe,"Winding cobblestone streets and ancient stone walls create a charming, timeless atmosphere, inviting you to explore hidden corners and scenic views.",4,3,4,3,2,3,3,2,4
007e1c9a-9bbf-4560-a8d5-4fb17176b300,Rabat,Morocco,africa,"A city where historic medinas meet modern boulevards, offering a serene coastal vibe with the scent of sea air and spices.",4,2,3,3,3,4,3,4,3
34daf415-739f-45d7-a127-f47f0dcf63f9,Arequipa,Peru,south_america,Charming colonial architecture and vibrant plazas set against a backdrop of volcanic peaks create a captivating blend of history and natural beauty.,4,3,4,1,3,4,3,3,3
aa77dd0f-f294-4af2-9499-547652ef8472,Krakow,Poland,europe,"Charming cobblestone streets and lively squares invite exploration, while the rich history and vibrant culture create an inviting and warm atmosphere.",5,2,3,1,4,4,3,4,2
22724026-a52a-4591-ac15-5e3c1aad0bc6,Chiang Rai,Thailand,asia,"Quiet temples and vibrant markets blend with lush green landscapes, offering a serene yet culturally rich experience for the curious traveler.",4,3,4,1,2,4,3,2,4
96591192-71e5-48cd-bc25-dfc40ad0a497,Maastricht,Netherlands,europe,"Cobblestone streets and medieval architecture create a charming atmosphere, while lively squares and riverside paths invite leisurely exploration and relaxation.",4,2,3,1,3,4,3,3,3
8e9cdd1b-520b-4d7c-84d6-ce390886a60d,Christchurch,New Zealand,oceania,"A city reborn with innovative architecture and lush gardens, offering a mix of urban charm and stunning natural landscapes.",3,4,4,3,3,3,3,3,3
4050b3a8-bc31-4a00-a0bc-74ec708a8022,Gotland,Sweden,europe,"Charming cobblestone streets, medieval ruins, and serene coastal landscapes offer a peaceful escape with a touch of historical intrigue and natural beauty.",4,3,4,4,3,3,3,2,4
51573d8c-89d4-469e-b1a6-5be6a389b9d9,St Ives,United Kingdom,europe,"Charming cobblestone streets wind through art galleries and quaint shops, with the salty sea breeze adding a refreshing touch to your stroll.",4,3,4,5,3,3,3,2,4
248ce3f4-3c86-4ea3-91f2-0d69f703e1e4,Tromsø,Norway,europe,"Snow-draped landscapes and vibrant northern lights create a magical atmosphere, while the crisp Arctic air invigorates your senses and spirit.",3,4,5,2,3,3,3,3,4
3aece1d2-640d-478c-97cb-7b2af24c0d4b,Granada,Nicaragua,north_america,"Cobblestone streets lined with colorful colonial buildings and the distant scent of tropical fruits create a charming, laid-back atmosphere.",4,3,4,2,3,4,3,3,3
9ebf736e-30eb-4a14-83f6-a171b29422dd,San Juan,Puerto Rico,north_america,"Cobblestone streets lined with colorful colonial buildings, lively salsa rhythms, and the scent of ocean breezes create a vibrant and welcoming atmosphere.",4,3,3,5,4,4,3,4,2
c6df2a0a-5804-4782-980c-b785baff6338,Salt Lake City,United States,north_america,"Surrounded by stunning mountains, this city offers a blend of vibrant urban life and serene natural beauty, perfect for outdoor enthusiasts.",3,4,5,1,3,3,4,3,4
2369b939-7343-43a5-939d-8883c2380da4,Asunción,Paraguay,south_america,"Stroll through sun-dappled streets, where lively markets and the scent of grilled meats create a warm, inviting atmosphere.",3,2,3,1,3,3,2,3,3
43fc0ee7-5983-4c3c-af37-93f16a8561e1,Manila,Philippines,asia,"Bustling streets filled with vibrant jeepneys and the aroma of street food create an exciting, sensory-rich experience that's uniquely captivating.",4,3,2,2,4,4,3,4,1
20d1bd3e-dd04-4d5a-a734-32dea79ec466,Bern,Switzerland,europe,"Charming cobblestone streets wind through medieval architecture, while the gentle flow of the river creates a serene backdrop for leisurely exploration.",4,3,4,1,3,4,4,4,3
4c62d957-8e4e-4558-beea-2bf8178c5463,Catania,Italy,europe,"Sun-soaked streets filled with the aroma of fresh seafood, lively markets, and the dramatic backdrop of a smoking volcano create a unique atmosphere.",4,3,4,3,3,5,3,3,2
3b685f46-cdb6-497b-865e-2cd7657a6830,Davao,Philippines,asia,"Lush landscapes meet urban vibrancy, with bustling markets, serene parks, and the scent of tropical fruits filling the air.",3,4,5,3,3,4,3,3,4
43b173aa-a4f5-4676-9434-bacadf6d49ff,Porto,Portugal,europe,"Charming riverside streets, vibrant tiles, and the rich aroma of port wine create a warm and inviting atmosphere perfect for leisurely exploration.",4,3,3,3,4,5,3,4,3
4fc0ec2d-41b6-44d1-9c67-16f9caf9a3f1,Azores,Portugal,europe,"Lush volcanic landscapes, tranquil ocean vistas, and charming villages create a serene atmosphere perfect for unwinding and connecting with nature.",3,4,5,3,2,4,3,2,5
c6f2dcd7-e2f4-4b91-b737-717593827384,Freetown,Sierra Leone,africa,"Lively streets filled with vibrant markets, friendly locals, and the rhythmic sounds of the ocean create a welcoming and dynamic atmosphere.",3,3,4,4,3,3,2,2,3
6e46b45f-19d2-43ff-9a08-f5c4b59e1f22,Laval,Quebec,north_america,"A blend of urban charm and natural beauty, with lush parks and vibrant cultural spots offering a refreshing escape from the city rush.",3,3,3,2,3,3,3,3,2
7f92c683-b2a3-4058-a2dc-758c1d230a26,Saint-Denis,Réunion,africa,"A lively mix of Creole culture, bustling markets, and lush mountain backdrops create a vibrant and welcoming atmosphere full of discovery.",4,4,5,4,3,4,3,3,3
6ceb9976-69b0-49a0-b91d-ac48234e2902,Constanta,Romania,europe,"Golden beaches meet historic architecture, offering a blend of sun-soaked relaxation and the charm of ancient ruins and lively promenades.",3,3,3,4,3,4,3,3,2
80ed0bdd-62c4-4068-88c6-3eba6e3c4e46,Puerto Vallarta,Mexico,north_america,"Golden beaches meet the lush Sierra Madre mountains, creating a vibrant yet laid-back atmosphere filled with colorful markets and lively nightlife.",3,4,4,5,4,4,4,3,3
933a8b39-e129-41f3-b6ab-3f58d695536b,Cape Town,South Africa,africa,"A vibrant coastal city surrounded by rugged mountains and pristine beaches, offering laid-back afternoons, diverse cultures, and breathtaking views.",4,4,5,4,4,4,3,4,3
1c1ede32-515d-4a46-8019-15e3196afd18,Castries,Saint Lucia,north_america,"Colorful markets, ocean breezes, and lively street music create a vibrant atmosphere, inviting you to explore and unwind at your own pace.",3,4,5,5,3,4,4,3,4
ef66a584-fc99-4c05-af1a-263a6f5cbacf,São Tomé,São Tomé and Príncipe,africa,"Lush rainforests, tranquil beaches, and the gentle rhythm of island life create a serene escape filled with natural beauty and warmth.",3,4,5,4,2,3,3,2,4
f7c802c7-e3cb-4922-ae40-a14f5ea56907,Madrid,Spain,europe,"Vibrant streets filled with lively tapas bars, stunning architecture, and a rich tapestry of history create an inviting and energetic atmosphere.",5,3,2,1,5,5,3,5,2
ddea7cd4-1b80-46f6-a51d-2649a27cba85,Nantes,France,europe,"A city where historic charm meets modern creativity, with cobblestone streets, vibrant art scenes, and the gentle flow of the Loire River.",4,2,3,2,3,4,3,4,3
4ebafc38-97b9-485a-842f-df2e3fc08ab4,Victoria,Seychelles,africa,"Lush tropical landscapes meet the vibrant colors of bustling markets, offering a sensory feast of exotic flavors and warm ocean breezes.",3,4,5,5,3,4,4,2,4
8ec82bed-8ce6-43b4-8318-4df1c2b36399,Ljubljana,Slovenia,europe,"Charming cobblestone streets, vibrant riverfront cafés, and lush green spaces offer a welcoming atmosphere that's both lively and relaxing.",4,3,4,1,3,4,3,4,3
702003ed-543f-4431-acea-79b044373c31,Chengdu,China,asia,"A lively blend of spicy street food aromas, lush green parks, and the gentle charm of giant pandas creates an inviting, laid-back atmosphere.",5,3,4,1,3,5,3,4,2
7b317d9c-9f46-43cc-a3db-5a5072021732,Menorca,Spain,europe,"Golden beaches meet turquoise waters, offering a tranquil escape with gentle breezes, charming villages, and the scent of pine forests in the air.",3,3,4,5,3,4,4,2,4
510ac85b-7867-4b58-bc21-130b533ae441,Stone Town,Tanzania,africa,"Winding alleys filled with vibrant markets, the aroma of spices, and the sound of distant waves create an atmosphere both lively and enchanting.",5,3,3,4,3,4,3,3,3
3618d1dc-af2a-4646-94d2-5bc387158dbe,Johannesburg,South Africa,africa,"A bustling urban landscape with vibrant street art, diverse culinary delights, and a palpable energy that captures the essence of modern African city life.",4,3,3,1,4,4,3,5,2
b5c78cdb-4482-4686-9aa8-10d848aaf90d,Busan,South Korea,asia,"Coastal breezes mix with the scent of street food, while vibrant markets and serene temples create a lively yet calming atmosphere.",4,3,4,4,4,5,3,4,2
f8cceb46-257d-4b51-b34a-4cba69ace227,Koh Lanta,Thailand,asia,"Golden beaches, gentle waves, and lush greenery create a serene escape where you can unwind and soak in the tranquil island vibe.",3,4,4,5,3,4,4,2,4
623961cc-5553-4afa-842e-4af31b2a305c,Mumbai,India,asia,"A bustling metropolis where vibrant street life, aromatic food stalls, and historic landmarks blend with a dynamic energy that never sleeps.",5,3,2,3,4,5,3,5,1
37247be1-606e-4142-a129-bf5d3efbd197,Istanbul,Turkey,europe,"A captivating blend of East and West, with vibrant bazaars, aromatic spices, historic mosques, and the serene Bosphorus weaving through daily life.",5,3,3,2,4,5,3,5,2
72a44cc1-8aff-4424-95a0-81afd9aa6db1,Seville,Spain,europe,"Sun-drenched plazas, the aroma of orange blossoms, and the passionate rhythm of flamenco create an enchanting and lively atmosphere.",5,3,2,1,4,5,3,4,2
e90eff18-779e-4ad9-8f75-944a034c0600,Bangkok,Thailand,asia,Busy streets filled with vibrant markets and aromatic street food stalls create an exhilarating atmosphere that's both chaotic and captivating.,5,3,2,2,5,5,4,5,1
5eb2414d-ccc4-4665-b86a-f463c43a9c1b,Belfast,United Kingdom,europe,"Cozy pubs, historic streets, and the lively spirit of its people create an inviting and culturally rich atmosphere full of stories.",4,3,3,2,3,4,3,4,2
d9f5aa87-6ce6-4675-b55c-e64635035d90,Odessa,Ukraine,europe,"Charming cobblestone streets, lively markets, and the gentle sea breeze create a relaxed yet vibrant atmosphere perfect for unwinding and exploring.",4,3,3,4,4,4,3,4,2
2ad8ee24-69aa-4e79-8b48-b459779c5987,Zanzibar Town,Tanzania,africa,Winding streets filled with the aroma of spices and the sound of Swahili music create an enchanting and vibrant atmosphere.,4,3,4,5,3,4,3,3,4
3b81e08f-9410-4898-9781-432030bad762,Antananarivo,Madagascar,africa,"Bustling streets filled with lively markets and the aroma of street food create an energetic vibe, surrounded by rolling hills and unique architecture.",4,4,5,2,3,3,2,3,4
f64d6a04-bf5b-49e9-860f-665d6e7d6ada,Krabi,Thailand,asia,"Turquoise waters lap against limestone cliffs, while vibrant markets and serene beaches invite you to unwind and explore at your own pace.",3,4,5,5,3,4,4,2,4
d76e7f44-80ab-4a92-918c-80c918d1ae88,Lomé,Togo,africa,"Bustling markets filled with vibrant textiles and the scent of spices create an energetic atmosphere, while palm-lined beaches offer serene escapes.",3,3,3,3,2,3,2,3,3
184fc244-2725-4a56-894d-bbb80ef207e7,Port of Spain,Trinidad and Tobago,north_america,"Bustling streets filled with lively music and vibrant colors offer a sensory feast, where Caribbean culture and urban energy intertwine seamlessly.",4,3,3,4,4,5,3,4,2
aeb41503-ee2c-4678-aa67-33b816e31f68,Muscat,Oman,middle_east,"Golden desert landscapes meet the azure sea, creating a serene backdrop for exploring traditional souks, grand mosques, and coastal promenades.",4,3,4,4,2,4,3,3,4
671ba175-2610-4435-a449-61f29c414d68,Kyiv,Ukraine,europe,"Strolling through lively squares and historic streets, you'll feel the vibrant energy of a city rich in culture and warm hospitality.",4,3,3,1,4,4,3,4,2
128e077c-0b2e-43dc-a395-59dcb2fdabe7,Galle,Sri Lanka,asia,"Charming cobblestone streets, colonial architecture, and the salty breeze of the ocean create a serene and timeless atmosphere.",4,3,4,4,2,4,3,3,4
3abbee3b-52a2-45cc-b745-9720f49fd72a,Gdansk,Poland,europe,"Charming cobblestone streets and vibrant maritime history meet the salty breeze of the Baltic, creating a welcoming and lively coastal atmosphere.",4,2,3,3,3,4,3,4,2
fe273668-236b-47ac-a87d-f02f36cd6181,Miami,United States,north_america,"Vibrant streets pulsate with Latin beats, ocean breezes carry the scent of salt and sunscreen, and art deco architecture adds a nostalgic charm.",3,3,3,5,5,4,4,4,2
c6da2d98-abce-490d-8f70-5eea8253bf62,Svalbard,Norway,europe,"Vast, icy landscapes and the ethereal glow of the northern lights create a surreal, almost otherworldly experience, inviting deep reflection and awe.",2,5,5,1,1,2,2,1,5
1a9464a8-353a-4572-aac3-297de01aa6da,Lapland,Finland,europe,"Snow-draped landscapes, shimmering northern lights, and cozy log cabins create a magical atmosphere perfect for winter adventures and quiet reflection.",3,4,5,1,2,3,3,2,5
4959b5b0-bc55-450f-a2c5-9076efac17a7,Tunis,Tunisia,africa,"Wander through bustling souks and historic medinas, where the scent of spices and the call to prayer create an enchanting atmosphere.",4,3,3,3,3,4,3,3,2
9bb1538a-f6b4-450f-812f-20d1ebc2c6eb,San Francisco,United States,north_america,"Fog-kissed hills, eclectic neighborhoods, and the scent of fresh sea air create an inviting and dynamic atmosphere that's both laid-back and vibrant.",5,3,4,3,4,5,3,5,2
0e639efe-ac01-44b3-8716-2da67148d47c,Boston,United States,north_america,"Historic streets meet modern innovation, offering a mix of charming neighborhoods, rich history, and vibrant cultural scenes that invite exploration and discovery.",5,2,3,2,4,4,3,5,2
3b9ab1a4-a090-45f5-b101-a73f33a67a6c,Rotorua,New Zealand,oceania,"Steam rises from bubbling mud pools and the air is filled with the scent of sulfur, creating a unique geothermal wonderland.",4,4,5,2,3,3,5,3,3
f52d85c4-fee6-4b7b-a181-fa7b0c8adaa0,El Chaltén,Argentina,south_america,"Nestled amidst rugged peaks and vast landscapes, this charming village offers a sense of tranquility and awe-inspiring natural beauty.",2,5,5,1,2,3,3,1,4
4387a20c-e5eb-437f-9afc-23c940594043,Christiansted,U.S. Virgin Islands,north_america,"Charming streets lined with pastel-hued buildings, ocean breezes carrying the scent of salt, and a laid-back Caribbean vibe invite relaxation.",3,4,4,5,3,4,3,2,4
558816ef-9f17-4b93-a221-8aac47d03f00,Houston,United States,north_america,"A sprawling city where vibrant cultural districts, lively food scenes, and lush parks create a welcoming atmosphere full of discovery and warmth.",4,3,3,2,4,5,3,5,2
968021b5-7a8a-4e1e-bd31-574dd60a9975,San Diego,United States,north_america,"Sun-drenched beaches, vibrant neighborhoods, and an easygoing vibe invite you to savor ocean breezes and explore diverse, lively cultural spots.",4,4,4,5,4,4,4,4,3
59d1b605-e2ed-4069-ab3b-b279346d1582,Ladakh,India,asia,"Rugged landscapes with towering mountains and serene monasteries create a tranquil yet awe-inspiring atmosphere, perfect for those seeking adventure and peace.",4,5,5,1,1,3,3,1,5
c1df028c-84c0-404a-a0c0-4f65e1b25357,Chefchaouen,Morocco,africa,"Wander through winding blue-washed alleys, breathe in the fresh mountain air, and feel a serene calm envelop you in this charming town.",4,3,4,1,2,4,3,2,4
b53ea9ad-2c8b-4467-9764-1edb3b922ea4,Lviv,Ukraine,europe,"Cobblestone streets, charming coffeehouses, and a rich tapestry of history and culture create a warm and inviting atmosphere for exploration.",5,2,3,1,3,4,3,3,3
54425ba9-ac85-490b-8064-4260eb382f2c,Nashville,United States,north_america,"Lively streets filled with music and friendly faces, where the aroma of Southern cuisine mingles with the vibrant energy of live performances.",4,2,2,1,5,4,3,4,2
af0c0c0e-6e3a-4157-8219-cdbd7fb23a81,Cleveland,United States,north_america,"A city where industrial roots meet cultural renaissance, offering lively arts scenes, lakefront breezes, and a welcoming Midwestern charm.",4,2,3,2,3,4,3,3,2
b4a73043-c9d4-40b3-83df-1ead4d144b4c,Ronda,Spain,europe,Dramatic cliffs and a historic stone bridge create a breathtaking backdrop for wandering cobblestone streets and savoring local wines in sunlit plazas.,4,3,4,1,2,4,3,2,4
577b9315-b7a1-489f-9f37-c705858b1162,London,United Kingdom,europe,"Iconic landmarks, bustling markets, and a rich tapestry of culture create a vibrant atmosphere that feels both historic and ever-evolving.",5,2,3,1,5,5,3,5,2
a658f5c4-f1b4-4592-9bcd-823956973b8d,Rochester,United States,north_america,"Charming and unhurried, with scenic river views, vibrant arts, and a welcoming community vibe that makes you feel right at home.",3,2,3,2,3,3,3,3,3
7880793a-92c4-4f87-a64a-f238fe4ef46e,Namibia,Namibia,africa,"Vast desert landscapes meet rugged coastlines, creating a sense of awe and solitude, while vibrant wildlife offers thrilling encounters in nature.",3,5,5,2,2,3,3,2,5
d521e276-3af5-4538-b17b-a1c8836d15b7,Memphis,United States,north_america,"Blues music fills the air as you wander through lively streets, savoring the aroma of smoky barbecue and the warmth of Southern hospitality.",4,3,2,1,4,4,3,3,2
bee0bdaf-43b3-4d6e-80a3-eebf8cccb1cc,Ashgabat,Turkmenistan,asia,"Marble-clad buildings rise against a backdrop of desert landscapes, offering a surreal blend of modernity and tradition with a touch of mystery.",3,2,2,1,2,3,2,3,4
456e0998-8b34-4b5a-8898-fdd801f472a4,Tulum,Mexico,north_america,"Pristine beaches with turquoise waters meet ancient ruins and vibrant jungle, creating an inviting blend of relaxation and adventure.",3,4,4,5,3,4,5,2,4
a7573be8-bfc0-479c-9baa-7d824d1f9315,Honolulu,United States,oceania,"Golden beaches meet vibrant city life, where the scent of plumeria and the sounds of ukulele create a laid-back, tropical vibe.",4,4,5,5,4,4,4,4,2
232e9cad-e761-42b2-ad5d-eac5c63500ff,Tashkent,Uzbekistan,asia,"Wide avenues lined with Soviet-era architecture meet vibrant bazaars, creating a unique blend of history and lively local culture.",4,3,3,1,3,4,3,3,2
6c7cf28b-e9b3-4620-985e-e51fb626aa64,Yangshuo,China,asia,Lush karst mountains and tranquil rivers create a serene backdrop for cycling through rice paddies and exploring vibrant local markets.,3,4,5,2,2,3,3,2,4
cdc43353-203d-43ea-91ec-ccdff3e15160,Kuala Lumpur,Malaysia,asia,"Bustling streets filled with diverse aromas and vibrant markets create a lively atmosphere, blending modern skyscrapers with rich cultural heritage.",4,3,3,2,4,5,3,5,2
2a2808ca-2382-4d3e-b28b-af9837c5a3f7,Cornwall,United Kingdom,europe,"Rugged coastlines, charming villages, and sweeping beaches offer a sense of tranquility and timeless beauty, perfect for unwinding and exploring.",3,4,5,5,2,3,3,2,4
6ee0fe94-2e9b-46ef-8bfc-5e218132332b,Dhaka,Bangladesh,asia,"A whirlwind of vibrant street life, bustling markets, and a rich tapestry of history and culture, offering endless sensory experiences.",4,2,2,1,3,4,2,3,1
df941b8b-5907-43b3-bd73-505845313873,Seattle,United States,north_america,"A city where misty mornings blend with vibrant markets and lush green spaces, offering a cozy yet dynamic urban experience.",4,3,4,2,3,4,3,5,2
48a8a9bd-7834-4db5-931e-151691e32ada,Bishkek,Kyrgyzstan,asia,Wide boulevards lined with Soviet-era architecture and bustling bazaars create a unique blend of history and vibrant local life.,3,4,4,1,3,3,2,3,4
e0fba8c3-0e00-421a-8a31-c5001184dc97,Siem Reap,Cambodia,asia,"Ancient temples rise through the jungle mist, while bustling markets and vibrant street food create a lively, sensory-rich experience.",5,3,4,1,3,4,3,3,3
066b90ea-034a-48e3-9011-d2095c02efaa,Valdivia,Chile,south_america,"Riverside charm and lush green landscapes create a serene atmosphere, with the scent of fresh seafood and the sound of birdsong nearby.",3,4,4,3,3,4,3,3,4
3f3f5613-56d6-464b-a1de-437c2246292b,Salta,Argentina,south_america,"Stunning mountain landscapes, vibrant local markets, and the warmth of traditional folklore create an inviting and colorful atmosphere.",4,4,5,1,3,4,3,3,4
92098031-bc52-4fac-b1df-2dfe76a8de6c,Split,Croatia,europe,Wander through ancient stone streets where the Adriatic breeze mingles with lively chatter and the scent of fresh seafood from bustling markets.,4,3,4,4,4,4,3,3,3
a49ee9f6-6273-4716-9985-1ebffd5c328c,Galápagos Islands,Ecuador,south_america,"Pristine landscapes teeming with unique wildlife create an atmosphere of untouched beauty, where every moment feels like an intimate encounter with nature.",3,5,5,4,1,3,2,1,5
ae00c442-bbff-44db-9385-f8af3eda88b4,Florence,Italy,europe,"Cobblestone streets filled with art, the aroma of fresh espresso, and vibrant piazzas create a captivating blend of history and modern life.",5,2,3,1,3,5,3,4,2
30c3bd69-5bec-4c0b-b009-bd322b13d554,Philadelphia,United States,north_america,"Historic cobblestone streets meet a vibrant arts scene, with lively markets and diverse neighborhoods creating a welcoming and dynamic urban experience.",4,2,3,1,4,4,3,4,2
04624f1d-9d64-4b83-a228-9914ef03c43e,Bordeaux,France,europe,"Strolling through sun-dappled streets, you'll find stunning architecture, vibrant markets, and the rich aroma of freshly baked baguettes filling the air.",4,2,3,2,3,5,3,4,3
4b7bab82-52b8-4827-a591-750c48a47f39,Strasbourg,France,europe,"Charming cobblestone streets lined with half-timbered houses, the aroma of freshly baked pastries, and the gentle flow of the canals create a fairy-tale ambiance.",5,2,3,1,3,4,3,4,3
5b04742c-8938-413a-9050-370d3bc3115b,Palau,Palau,oceania,"Crystal-clear waters teeming with marine life, lush forests, and a serene atmosphere offer a tranquil escape for nature lovers and adventurers alike.",3,5,5,5,2,3,3,2,4
2302c9dd-263d-434c-8adf-cab28e3ba21d,St. George's,Grenada,north_america,"Colorful streets wind around a picturesque harbor, where the scent of spices mingles with the sea breeze, creating a vibrant, laid-back charm.",3,3,4,5,3,4,4,2,4
0db57fc8-4359-415e-b18c-9b9da6d98e3d,Debrecen,Hungary,europe,"Tree-lined streets, charming squares, and a blend of old-world charm with modern vibrancy create a welcoming and relaxed atmosphere.",3,2,3,1,3,3,3,3,3
56bbfddd-b9ea-4b44-a2bc-61b45baba7d7,Jaipur,India,asia,"A tapestry of vibrant colors and bustling markets, where ancient forts and palaces echo the grandeur of a rich cultural heritage.",5,3,3,1,3,4,3,3,2
1d7edb41-df70-4877-ac88-c1baaa72b923,Crete,Greece,europe,"Sun-drenched beaches, ancient ruins, and vibrant local markets create a tapestry of experiences that feel both timeless and refreshingly alive.",4,4,5,5,3,5,4,3,4
dbac5f44-f433-4f28-b05c-e9b193b346c0,Baltimore,United States,north_america,"Historic cobblestone streets meet vibrant waterfronts, offering a lively mix of seafood aromas, street art, and a welcoming, laid-back vibe.",4,3,3,2,4,4,3,4,2
c9154e0a-44ac-4562-aa0e-3081d51e1730,Madang,Papua New Guinea,oceania,"Tropical breezes, vibrant coral reefs, and lush rainforests create a serene paradise where nature and local culture warmly embrace visitors.",4,4,5,4,2,3,2,2,4
35de48dc-19c9-4e54-b788-da248d0e45d4,Taormina,Italy,europe,"Dramatic coastal views, ancient ruins, and charming piazzas create a picturesque setting that invites leisurely exploration and indulgent moments.",4,3,4,4,3,5,3,3,4
66355823-318b-4699-8244-a884d90e3e52,Takayama,Japan,asia,"Charming wooden houses, serene streets, and the gentle flow of the river create a peaceful atmosphere perfect for unwinding and exploration.",5,2,4,1,2,4,3,2,4
e8ca28df-95b8-4dd9-9190-28b80725ea25,Phoenix,United States,north_america,"Desert landscapes meet urban sophistication, offering vibrant arts, diverse dining, and endless sunshine, making every visit feel like a warm embrace.",3,4,4,1,3,3,4,3,3
28e1fcbb-ce3c-418e-bb2d-421e3be81b2f,Blantyre,Malawi,africa,"A city where bustling markets, friendly locals, and the aroma of street food create a vibrant and welcoming atmosphere.",3,3,4,1,2,3,2,3,4
ecaa1ebe-5e59-464c-8fae-42abbddcc734,Caracas,Venezuela,south_america,"Vibrant streets filled with lively music and bustling markets, surrounded by lush mountains and offering a mix of urban and natural beauty.",4,3,4,3,3,4,2,3,2
c62183f8-3057-4af8-9d51-1cba9559f61b,Da Lat,Vietnam,asia,"Misty mornings, lush pine forests, and vibrant markets create a serene escape with a refreshing blend of nature and local culture.",3,4,5,1,2,4,4,3,4
eb3c14bc-9e8d-47f1-ba13-95e308ff7e11,New York City,United States,north_america,"Skyscrapers touch the sky as vibrant streets buzz with energy, offering a sensory overload of sights, sounds, and diverse cultures.",5,3,3,2,5,5,3,5,1
180cca4b-7d0f-41a2-99a1-27c58d512572,Sapa,Vietnam,asia,"Rolling green terraces and misty mountain vistas create a serene escape, where vibrant local cultures and tranquil landscapes embrace visitors warmly.",4,4,5,1,2,3,3,2,4
4265c1eb-e4f6-4b71-8442-56ad4483a5e4,Guadalajara,Mexico,north_america,"Colorful streets, lively mariachi music, and the rich aroma of street food create an inviting blend of tradition and modernity.",5,3,3,1,4,5,3,4,2
6c222aca-bad0-4114-a0f8-d271510a86a0,Anchorage,United States,north_america,"Surrounded by breathtaking mountains and vast wilderness, this city offers a refreshing blend of rugged adventure and cozy urban charm.",3,4,5,2,2,3,3,3,4
196e96f8-6055-4123-beaa-957b027ee1f9,Bhutan,Bhutan,asia,"Mist-shrouded mountains and vibrant monasteries offer a serene escape, where spiritual tranquility and breathtaking landscapes merge for an unforgettable experience.",5,4,5,1,1,3,4,2,5
d4345f6e-b465-4dc0-abfe-f230b87aefb7,Samarkand,Uzbekistan,asia,"Ancient architecture glimmers under the sun, with vibrant bazaars and fragrant spices creating an intoxicating blend of history and culture.",5,3,3,1,2,4,2,3,3
a33298f1-58d1-403d-984e-f7744a8e1746,Wellington,New Zealand,oceania,"Charming harborside views, vibrant arts scene, and a cozy mix of urban buzz and nature create a welcoming, eclectic atmosphere.",4,3,4,3,4,4,3,4,2
316ef402-4768-456e-98b3-87fad9b0a5c1,Lahore,Pakistan,asia,"Bustling streets alive with vibrant colors and the aroma of spices, offering a rich tapestry of history, culture, and warm hospitality.",5,3,2,1,3,5,3,4,2
36d2ef8d-984f-44db-8343-7b70c26e8bf1,San Pedro de Atacama,Chile,south_america,"Endless desert vistas meet surreal landscapes, where clear night skies reveal a tapestry of stars, creating an otherworldly sense of tranquility and wonder.",3,5,5,1,2,3,3,2,5
12bac5cc-d5e5-4418-aec5-2805cfe04257,Madeira,Portugal,europe,"Lush landscapes meet dramatic cliffs, where ocean breezes carry the scent of flowers and adventure awaits around every winding path.",3,4,5,3,3,4,4,3,4
cb72a09a-88af-4d3b-a950-b353a445b54c,Gjirokastër,Albania,europe,"Winding cobblestone streets and stone-roofed houses create a timeless atmosphere, with echoes of history in every corner and stunning mountain views.",5,3,4,1,2,3,2,2,4
eb8d23c9-8122-4bb2-8325-e37036397a1c,Brisbane,Australia,oceania,"Sun-drenched streets and lush riverside parks create a laid-back vibe, with vibrant markets and buzzing eateries adding a lively local flavor.",4,4,4,3,4,4,3,4,2
5a296eaa-b786-420f-8a2d-08db36260144,Cesky Krumlov,Czech Republic,europe,"Winding cobblestone streets, charming medieval architecture, and the gentle flow of the Vltava River create a fairy-tale atmosphere you'll never forget.",5,2,4,1,2,3,2,2,4
ec2e76e8-1944-4282-962d-276573d0ceef,Basseterre,Saint Kitts and Nevis,north_america,"Lush landscapes and vibrant markets create a lively yet laid-back atmosphere, where the rhythm of island life feels both invigorating and soothing.",3,3,4,4,3,4,3,2,4
a5064014-fa4f-4864-b491-a65fa2d68229,Honiara,Solomon Islands,oceania,"Lush tropical landscapes meet vibrant local markets, offering an authentic and immersive experience in a laid-back island atmosphere.",3,3,4,3,2,2,2,2,4
7071cc05-1440-4931-88dc-3fa5a4cc15d2,Siena,Italy,europe,"Medieval streets wind through sunlit squares, where the aroma of fresh pasta mingles with the echoes of vibrant local life.",5,2,3,1,2,4,3,3,4
4c88db7e-4c60-4395-9464-91ea959e2d13,La Palma,Spain,europe,"Lush landscapes and volcanic vistas create a serene atmosphere, inviting you to explore its quiet trails and charming coastal villages.",3,4,5,3,2,3,4,2,4
58563b14-ffba-4104-88ce-0ba065f5d6ed,Ghent,Belgium,europe,"Charming canals and medieval architecture create a cozy atmosphere, inviting you to wander through cobblestone streets and discover hidden corners filled with history.",5,2,3,1,4,4,3,4,2
6b93d8e6-ab6a-4a5e-91f8-f42198c06d01,Sao Paulo,Brazil,south_america,"Energetic streets buzz with life, offering a tapestry of art, diverse cuisine, and vibrant nightlife that captivates every sense.",5,3,2,2,5,5,3,5,1
84684cae-4fbc-4ea4-9172-5f9d802ba843,Monteverde,Costa Rica,north_america,"Misty cloud forests and vibrant wildlife create an enchanting atmosphere, where every trail offers a new sensory delight and adventure.",3,5,5,1,2,3,3,1,4
16539924-85a8-441a-8ebd-9c56d6720a35,Nukuʻalofa,Tonga,oceania,"Warm ocean breezes and vibrant markets create a welcoming atmosphere, where the gentle rhythm of island life invites endless exploration.",3,3,4,4,2,3,3,2,4
074c4c99-13f9-44ea-9ad3-bf573506a04c,Birmingham,United Kingdom,europe,"A dynamic mix of industrial charm and modern culture, offering vibrant markets, eclectic eateries, and a rich musical heritage that captivates visitors.",4,2,3,1,3,4,3,4,2
63290557-b50c-409a-91ef-479598d31de3,Tuscany,Italy,europe,"Rolling hills, sun-drenched vineyards, and charming medieval towns create a picturesque landscape that invites leisurely exploration and indulgent culinary experiences.",5,3,5,2,3,5,4,3,4
68ec474b-b008-493b-933c-13e51af9ec83,Charlottetown,Canada,north_america,Charming streets lined with historic buildings and a gentle sea breeze create a welcoming atmosphere perfect for leisurely exploration and relaxation.,4,3,4,3,2,3,3,2,4
a3c96500-b77a-4133-bc7d-cca24a7e5ae6,St. Louis,United States,north_america,"A fusion of historic charm and modern vibrancy, with leafy parks, jazz-filled streets, and the iconic arch creating a welcoming urban atmosphere.",4,3,3,1,3,4,3,4,2
b150cb57-9168-4a88-ad5a-1ceb37ebfa72,Las Vegas,United States,north_america,"Bright lights and endless energy create an exhilarating atmosphere, where entertainment options are as vast and varied as the desert surrounding it.",3,3,2,1,5,4,3,5,1
59e6664b-2503-4e62-87a4-9fbf47c24a9b,Detroit,United States,north_america,"Industrial charm meets vibrant arts and music scenes, where historic architecture and modern innovation create a dynamic and inviting urban experience.",4,2,2,1,3,3,2,4,2
dbf5cdef-ff5d-4a67-8dba-8c220669ea4f,Suzhou,China,asia,"Serene gardens, ancient canals, and the gentle rustle of willow trees create a peaceful escape that invites you to slow down and unwind.",5,2,4,1,3,4,3,3,3
497a30a0-cdd6-4336-99f3-481f08fcce76,Sardinia,Italy,europe,"Crystal-clear waters, rugged coastlines, and charming villages create a serene escape where you can unwind and savor local flavors.",3,4,5,5,3,4,4,3,4
19e2eecc-8394-482b-8469-d4ca8869797d,Port Vila,Vanuatu,oceania,"Lush greenery meets turquoise waters, where vibrant markets and friendly locals create a warm, inviting atmosphere amidst tropical island breezes.",3,4,5,4,2,3,4,2,4
00d7a74c-188a-4cea-aa66-f69397766a1e,Sibiu,Romania,europe,"Charming cobblestone streets and vibrant squares create a cozy atmosphere, inviting you to explore its rich history and welcoming local culture.",4,3,4,1,3,3,3,3,4
44270077-ff2f-4123-96b9-7158aaff58a9,Luxor,Egypt,africa,"Sun-drenched landscapes and ancient temples create an awe-inspiring atmosphere, where history feels alive amid the vibrant local culture and bustling markets.",5,3,3,1,2,4,2,3,3
604b2249-da94-48ac-aba9-5297e6c7f5c7,Providenciales,Turks and Caicos,north_america,"Crystal-clear turquoise waters, powdery white sand beaches, and a laid-back island vibe create a serene paradise perfect for unwinding and rejuvenating.",2,3,4,5,3,4,4,2,4
7034c2a1-23a7-4da3-97e6-f6b9a7a886dd,Siwa Oasis,Egypt,africa,"Wandering through sun-drenched palm groves and ancient ruins, you feel the timeless tranquility and unique charm of this remote desert haven.",4,3,5,1,1,3,4,1,5
eb5b5644-d743-4bae-861a-99b1f631f095,Mombasa,Kenya,africa,"Lively markets, stunning beaches, and a fusion of cultures create a vibrant atmosphere where you can feel the ocean breeze and hear Swahili melodies.",4,4,4,5,3,4,3,3,3
749fb1fb-78a2-43cc-a9e6-0594d8be5519,Dushanbe,Tajikistan,asia,"Tree-lined avenues and Soviet-era architecture blend with bustling bazaars, creating a unique atmosphere where tradition and modernity coexist harmoniously.",3,4,4,1,2,3,2,2,4
e49419c6-0022-4c14-b3be-8bde13a47ab2,Cuzco,Peru,south_america,"Cobblestone streets, vibrant markets, and the scent of fresh Andean cuisine surround you in a city where ancient history meets lively modern culture.",5,4,5,1,3,4,3,3,3
b893d102-fb92-4032-9117-5826ef4cf1aa,Nara,Japan,asia,"Ancient temples, serene deer-filled parks, and tranquil gardens offer a peaceful escape, inviting you to wander and reflect in harmony with nature.",5,2,4,1,2,4,3,3,4
5c81761c-2753-4c1c-b724-f0a7f923540d,Buenos Aires,Argentina,south_america,"Lively streets filled with tango rhythms, vibrant markets, and historic architecture create an irresistible blend of culture and energy.",5,3,2,2,5,5,3,5,2
252e5f0f-bc45-4a80-9c12-c0262cf2b733,Córdoba,Argentina,south_america,"Historic streets buzz with student energy, colonial architecture, and a lively arts scene, offering a vibrant mix of tradition and modernity.",4,3,4,1,3,4,3,4,3
8836b237-a5c2-49ac-ab48-2b705d4c56f6,Sydney,Australia,oceania,"A lively harbor city where golden beaches meet urban sophistication, offering a blend of vibrant culture and stunning natural beauty.",4,4,4,5,4,4,3,5,2
0517a59d-8d92-4687-9aaa-323ba211f28e,Hualien,Taiwan,asia,"Nestled between lush mountains and the Pacific Ocean, this place offers stunning landscapes, tranquil vibes, and a welcoming local culture.",3,4,5,3,2,4,3,3,4
784d64bc-ad12-4648-8094-07151548001d,Vienna,Austria,europe,"Grand architecture and cobblestone streets set a charming backdrop for cozy coffeehouses and vibrant cultural scenes, inviting leisurely exploration.",5,2,3,1,4,5,4,5,2
472a370a-f213-4bdd-bef7-e00aa2eb2ca4,Baku,Azerbaijan,asia,"A city where futuristic architecture meets ancient history, offering a unique blend of modernity and tradition with a lively, welcoming atmosphere.",4,3,3,2,4,4,3,4,2
8fbef9b4-80b6-4ef5-9196-d92d4fb81e25,Minsk,Belarus,europe,"Wide boulevards and Soviet-era architecture mix with vibrant cafes and green parks, offering a unique blend of history and modern charm.",3,2,3,1,3,3,2,3,3
99337dc9-9aff-4695-8c40-f5737939bedd,Santa Cruz,Bolivia,south_america,"Vibrant streets buzz with the energy of lively markets and the aroma of street food, set against a backdrop of lush green parks.",3,4,4,2,3,3,3,3,3
3dcec783-933e-4928-b50a-65b7050f50ff,Mostar,Bosnia and Herzegovina,europe,"Cobblestone streets, the sound of the river below, and the iconic bridge create a charming and reflective atmosphere in this historic town.",4,3,4,1,3,4,3,3,3
2fdfc5be-fe93-4c81-8a14-a0f17ca22b60,Salvador da Bahia,Brazil,south_america,"Lively streets filled with music and dance, vibrant markets, and stunning coastal views create an energetic yet laid-back atmosphere.",5,3,4,4,4,5,3,3,2
7953a021-a4c4-4fbf-b5a8-92467f8280ed,Bujumbura,Burundi,africa,"A city where vibrant street markets and lush lakeside views create an inviting atmosphere, full of lively interactions and serene moments.",3,3,4,3,2,3,2,2,4
9226cd83-fc8a-417b-99c0-f46db4cf4d5d,Yaoundé,Cameroon,africa,Lush greenery and vibrant markets create a lively atmosphere filled with the scent of street food and the rhythm of local music.,4,3,3,1,3,4,2,3,2
b83e6115-b517-4e85-b1d9-fecf35d3993c,Galway,Ireland,europe,Charming cobblestone streets and vibrant pubs filled with music create an inviting atmosphere where the warmth of the locals is unforgettable.,4,3,4,3,4,4,3,3,3
d1fdface-d3c3-45fe-b7ec-ecf1aebec736,Calgary,Canada,north_america,"A dynamic blend of urban sophistication and stunning natural landscapes, where vibrant arts scenes meet the majestic Rockies under vast blue skies.",4,4,5,1,3,3,3,4,3
c2ee230d-f1b2-4831-bf1a-36469bc6eb98,Halifax,Canada,north_america,"Charming coastal vibes blend with historic architecture, lively pubs, and the salty breeze, creating an inviting and laid-back maritime atmosphere.",4,3,4,3,3,4,3,3,4
9b29ecd2-a840-4fc2-b55e-85a2a99d67b0,Sal,Cape Verde,africa,"Golden beaches meet turquoise waters under a sun that never seems to set, creating a laid-back vibe perfect for unwinding.",2,3,3,5,3,3,3,2,4
0949dd9a-c23e-45c7-b1cf-bdd110a760c8,Bath,United Kingdom,europe,"Charming cobblestone streets, historic architecture, and the soothing warmth of natural hot springs create a serene and inviting experience.",5,2,3,1,3,4,5,3,3
4f691336-e290-4fb8-8f6f-041744450398,Pristina,Kosovo,europe,"A city where vibrant street life, intriguing history, and the aroma of freshly brewed coffee blend into a unique and welcoming atmosphere.",3,2,2,1,3,3,2,3,3
222fef61-1cb1-492a-af39-3244dd5eaf73,Belgrade,Serbia,europe,"Lively streets filled with eclectic architecture, vibrant nightlife, and a fusion of Eastern and Western influences create an inviting, energetic atmosphere.",4,3,3,2,5,4,3,4,2
43bf31e6-e12e-4752-abdf-87472616ead1,Dallas,United States,north_america,"A lively mix of modern skyscrapers and historic districts, this city offers a dynamic atmosphere with vibrant arts, cuisine, and culture.",4,3,2,1,4,4,3,4,2
8ffa36b1-c3eb-4d2d-bc8b-8768f6ecfff1,Guilin,China,asia,"Lush karst mountains rise dramatically above serene rivers and rice paddies, offering a tranquil escape with breathtaking natural beauty at every turn.",3,4,5,1,2,3,3,2,4
f69c75d8-329c-4769-bda1-ea15a27dcc33,Hallstatt,Austria,europe,"Nestled by a serene lake, this picturesque village enchants with its cobblestone streets, alpine views, and a tranquil, timeless atmosphere.",4,3,5,2,2,3,3,2,4
c3963b0a-b8da-4320-aa9d-bead15d4b37a,Nicosia,Cyprus,europe,"Wander through leafy streets where ancient history meets modern life, with a vibrant café culture and a warm, welcoming atmosphere.",4,3,3,2,3,4,3,4,2
33713397-dcba-460c-bca2-651bdd80fe0f,San José,Costa Rica,north_america,Bustling streets filled with vibrant markets and lush parks create an inviting mix of urban energy and natural beauty.,3,4,5,2,3,4,4,3,3
9f3ce859-f274-4359-a24d-e16bc30c2b1c,Havana,Cuba,north_america,"Colorful streets alive with the rhythm of salsa, vintage cars cruising past, and the scent of cigars create an unforgettable atmosphere.",5,3,3,3,4,4,2,3,2
7e649d6c-6926-4335-beca-e543737cd861,Roseau,Dominica,north_america,"Lush greenery envelops vibrant markets and colorful architecture, creating a lively and welcoming atmosphere infused with the scent of tropical blooms.",3,4,5,3,2,3,4,2,4
7ca9e565-db06-4228-ac03-c57d8d757227,Carcassonne,France,europe,"Strolling through cobbled streets surrounded by medieval walls, you feel transported to another era, with vibrant markets and cozy restaurants at every turn.",5,2,3,1,2,4,3,3,4
0fcdac6c-fddc-43a4-93c5-dd03a6cd75dc,Lagos,Portugal,europe,"Charming cobblestone streets lead to golden beaches and dramatic cliffs, where the ocean breeze mingles with the aroma of grilled seafood.",3,4,4,5,4,4,3,3,3
d2351990-8009-44cd-9fdb-e79f1fd913f4,Alexandria,Egypt,africa,"Bustling streets filled with the aroma of spices, historic sites whispering ancient tales, and a vibrant coastal vibe create a unique charm.",4,2,3,3,3,4,2,4,2
5f55fdd8-3af4-485a-8a31-5974963a257f,Tallinn,Estonia,europe,"Medieval lanes, vibrant markets, and the scent of fresh pastries create an enchanting atmosphere that's both historic and inviting.",4,2,3,2,3,4,3,4,3
7e2ebc2d-7b8b-4071-b2f7-11476b6d44b7,Paris,France,europe,Charming streets lined with artful boutiques and the aroma of freshly baked pastries create a romantic and timeless atmosphere.,5,2,3,1,5,5,4,5,2
d45e5eea-27c6-4eda-b78a-50c21079b270,Puglia,Italy,europe,"Sun-drenched coastlines, charming whitewashed villages, and the aroma of olive groves create a serene and inviting atmosphere.",4,3,4,4,3,5,4,3,4
5f4cc5c5-4804-4a2c-8ddc-c5166d5b9237,Queenstown,New Zealand,oceania,"Surrounded by majestic mountains and shimmering lakes, this place offers thrilling adventures and serene landscapes that captivate your senses.",3,5,5,2,4,4,4,3,3
735e5584-4804-4d92-8fa6-98b14964188c,Biarritz,France,europe,"Ocean breezes mix with the scent of fresh pastries, while sunlit beaches and elegant architecture create a laid-back yet sophisticated vibe.",3,4,4,5,3,4,4,3,3
9e075378-f479-48c4-ac0c-43a44f822866,Libreville,Gabon,africa,"Lush greenery mingles with urban life, offering a unique blend of vibrant markets, diverse wildlife, and a laid-back coastal vibe.",3,3,4,3,3,3,2,3,3
b636143f-615e-4232-a3a6-f11bc6ee93df,Sintra,Portugal,europe,"Misty mornings reveal enchanting palaces and lush gardens, offering a fairytale-like atmosphere that captivates and inspires wanderlust.",5,3,5,2,2,4,3,3,4
08a0957f-5a4f-40f9-aa68-c26f20c88f70,Hvar,Croatia,europe,"Sun-drenched beaches, fragrant lavender fields, and lively waterfronts create a vibrant yet relaxed atmosphere perfect for unwinding and exploring.",3,3,4,5,5,4,3,3,2
a87511bd-77f4-4afc-977e-730d34c1c7bd,Rostock,Germany,europe,"Charming cobblestone streets and historic architecture meet the refreshing sea breeze, creating a welcoming blend of maritime history and modern vibrancy.",4,3,3,4,3,3,3,3,3
643c3ffc-f74a-444b-b836-da588781da27,Zakynthos,Greece,europe,"Golden sandy beaches, crystal-clear waters, and charming villages create a serene and inviting atmosphere perfect for relaxation and exploration.",3,3,4,5,4,4,3,2,3
38fa5147-236e-4462-b3b1-97b35caaf154,Reykjavík,Iceland,europe,"A city where modern design meets dramatic landscapes, offering cozy cafes, vibrant street art, and the ethereal glow of the northern lights.",3,4,5,2,3,3,4,3,4
6dc1c044-a79c-4b5b-9a9b-dbb0f95fefae,Jodhpur,India,asia,"Sun-drenched streets weave through vibrant markets and historic forts, offering a sensory journey rich with colors, aromas, and cultural warmth.",5,3,3,1,2,4,3,3,3
4c55af25-bd6c-4677-badd-6b53ec2f758d,Bandung,Indonesia,asia,"Cool mountain air, vibrant street markets, and a mix of colonial architecture create a refreshing escape with a laid-back yet lively vibe.",4,3,4,2,3,4,3,3,3
98fa6e27-430b-4d3b-b347-02e8c53c7cf7,Naples,Italy,europe,"Bustling streets filled with the aroma of pizza, vibrant street life, and historic architecture create a lively and authentic Italian experience.",5,3,3,3,4,5,3,4,2
df9fa1bf-f634-4f67-ba01-b4324b3b7768,Yamoussoukro,Ivory Coast,africa,"Wide avenues lined with palm trees lead to the awe-inspiring basilica, while the tranquil surroundings invite a leisurely exploration of local culture.",4,2,3,1,2,3,2,3,3
4cfcb5ec-303d-49ec-978a-da752ddd094f,Sapporo,Japan,asia,"Snow-dusted streets, lively markets, and the aroma of fresh seafood create a vibrant yet cozy atmosphere that's both inviting and invigorating.",4,3,4,2,3,4,3,4,3
7b34f40a-0ea8-48d7-b930-c7de11613b93,Almaty,Kazakhstan,asia,"Nestled beneath snow-capped mountains, the city offers a blend of Soviet-era charm and vibrant modern culture, with bustling markets and serene parks.",4,4,5,1,3,3,3,4,3
41fa1295-aef3-4e9d-9d04-5a43f6cd1741,Luxembourg City,Luxembourg,europe,"Charming cobblestone streets wind through lush valleys and historic fortresses, creating a serene yet vibrant atmosphere that's both inviting and intriguing.",4,2,3,1,3,4,3,4,3
80fd9234-ad35-4e41-af83-ce4f201894d5,San Cristóbal de las Casas,Mexico,north_america,"Charming cobblestone streets, vibrant markets, and colorful colonial architecture create a warm and inviting atmosphere, perfect for leisurely exploration.",4,3,4,1,3,4,3,2,4
b7506ee6-e9ca-41fe-b282-ebf79c9782bf,Riga,Latvia,europe,"Charming cobblestone streets, vibrant markets, and a blend of medieval and Art Nouveau architecture create a captivating and cozy atmosphere for exploration.",4,3,3,2,4,4,3,4,3
05b02046-7947-45a4-a9f6-39f043575a81,Portland,United States,north_america,"Quirky neighborhoods, lush green parks, and a thriving food scene create an inviting atmosphere filled with creativity and a laid-back vibe.",4,3,4,2,3,4,4,4,3
2ee4ab0c-44a7-45bd-8463-0b4813e62c3a,Ulaanbaatar,Mongolia,asia,"Amidst sprawling landscapes, discover a blend of Soviet-era architecture, bustling markets, and the warm hospitality of locals eager to share their stories.",4,4,4,1,3,3,2,3,4
08f1b340-be30-43d0-a0dd-199157dffb00,Essaouira,Morocco,africa,"Charming coastal breezes mix with the vibrant hum of bustling souks and the scent of fresh seafood, creating a laid-back, inviting atmosphere.",4,3,4,4,3,4,3,3,4
6d6e150b-925c-49b0-bfd6-199070922341,Pokhara,Nepal,asia,"Nestled by a serene lake and surrounded by lush hills, this place offers tranquility and adventure, with stunning mountain views at every turn.",3,5,5,1,2,3,4,2,4
d0065fb6-78a4-4982-a4d9-bcb30d2fd66b,Eindhoven,Netherlands,europe,"Innovative design and vibrant street art create a lively atmosphere, while cozy cafes and green spaces offer moments of relaxation and inspiration.",3,2,3,1,3,3,3,4,2
16232df9-2dcc-4a1a-a3a5-9aab5bf5dba5,Port Moresby,Papua New Guinea,oceania,"A bustling city where the vibrant markets and lush coastal landscapes blend with the rich cultural tapestry, offering a unique sensory adventure.",3,4,4,2,2,3,2,2,3
5e5eb018-1df0-459c-85d4-46a45c1dcbe9,Cebu,Philippines,asia,"Tropical warmth, vibrant street life, and a mix of modern and historic sites create an inviting atmosphere full of discovery and relaxation.",3,4,5,5,3,4,3,3,3
2f634211-0161-41dc-b871-3d405b1b3975,Lisbon,Portugal,europe,"Hillside streets alive with music, pastel-colored buildings, sunlit plazas, and the scent of fresh pastries give this city an irresistible warmth.",5,3,3,3,4,5,3,4,2
a8bec1b5-1b2e-4f8a-9f4e-ed1ec350c1f3,Brazzaville,Republic of the Congo,africa,"Lush riverfront views and vibrant markets create a lively atmosphere, where the rhythm of life feels both dynamic and welcoming.",3,3,4,1,2,3,2,3,4
b937f178-569d-4efb-b97c-1a3dc4a4e42c,Kigali,Rwanda,africa,Rolling hills meet vibrant city life where markets buzz with energy and the aroma of fresh coffee fills the air.,4,3,4,1,2,3,3,3,4
d638194d-3ad6-42fc-a665-1f858787a374,Apia,Samoa,oceania,"Lush tropical gardens, vibrant markets, and the gentle sound of waves create a serene and welcoming atmosphere perfect for unwinding.",4,3,4,4,2,3,3,2,4
f7812d83-a0ca-428a-9b98-a6ee705b3925,Gorée Island,Senegal,africa,"Charming cobblestone streets, vibrant colonial architecture, and a poignant history create a deeply moving and enriching experience by the ocean.",5,2,3,2,1,3,2,1,4
8c999bb4-7456-4226-9124-515a84f3cc7d,Durban,South Africa,africa,"A vibrant blend of golden beaches, rich Zulu culture, and fragrant Indian spices, creating an inviting atmosphere full of warmth and diversity.",3,4,4,5,3,4,3,3,2
db933be3-64bc-4471-b1e5-ad29a27b56c6,Bled,Slovenia,europe,"A serene lakeside town where the emerald waters reflect the surrounding mountains, offering a peaceful escape and stunning natural beauty.",3,4,5,2,2,3,3,2,4
abb3afcd-3460-43f0-a209-0fdef66264c4,Bilbao,Spain,europe,"A vibrant blend of modern architecture and rich history, with bustling markets, delightful pintxos bars, and the soothing sound of the river.",5,3,3,2,4,4,3,4,2
82cd6d56-a268-4de2-9339-9471cfd32343,Asturias,Spain,europe,"Lush green landscapes meet rugged coastlines, offering a sense of tranquility and adventure with every breathtaking vista and charming village.",4,4,5,4,3,4,3,2,4
31f5b626-c19c-4b17-b740-a2316960fad1,Zermatt,Switzerland,europe,"Nestled amid towering peaks, this charming alpine village offers crisp mountain air, stunning vistas, and a serene escape from the everyday hustle.",3,5,5,1,2,4,4,2,4
3eb00e2f-97e0-445b-a337-2c2852056104,Chiang Mai,Thailand,asia,"Lush mountain landscapes and vibrant night markets create a serene yet lively atmosphere, inviting exploration and relaxation at every turn.",5,4,4,1,3,5,4,3,4
81a386eb-0e43-463f-9c5b-c7c116b9daad,Kairouan,Tunisia,africa,"Wandering through ancient medinas, the air filled with spices and the call to prayer, immerses you in a rich tapestry of history and culture.",5,2,2,1,2,3,2,3,3
df9dfdee-2ccd-45c4-a2a8-f9fe84c1748e,Kampala,Uganda,africa,"Bustling streets filled with vibrant markets, the aroma of local cuisine, and a lively cultural scene create an inviting urban adventure.",4,3,4,1,3,3,2,3,2
e67d1cf4-1acd-410c-9173-6857f6c89332,Minneapolis,United States,north_america,"A city with vibrant arts scenes, scenic lakeside parks, and diverse neighborhoods, offering a welcoming mix of culture and natural beauty.",4,3,4,2,3,4,3,4,2
6ce77f2d-9856-497c-a6d8-7d7c2363e489,Denver,United States,north_america,"A vibrant mix of urban sophistication and outdoor adventure, with crisp mountain air and a lively arts scene creating an invigorating atmosphere.",4,5,5,1,3,4,4,4,3
fd625374-2800-49ca-9f65-ea3eabca88ab,Glasgow,United Kingdom,europe,"Lively streets filled with music, striking architecture, and a rich cultural scene make every corner of this city feel inviting and vibrant.",4,2,3,1,4,4,3,4,2
5cccd9f1-46c1-461c-928b-207a70521e74,Ushuaia,Argentina,south_america,"A windswept frontier town with dramatic landscapes, where the end of the world feels both mysterious and beautifully remote.",3,5,5,2,2,3,3,2,4
c7cd6c83-42a4-48b2-ad40-7b0c61dcf992,Tucson,United States,north_america,"Vibrant desert landscapes, stunning sunsets, and a rich blend of Native American and Mexican cultures make every moment feel uniquely captivating.",4,4,4,1,3,4,3,3,4
99ef42e6-1bce-46a5-a6cd-0dc8d924b901,Pittsburgh,United States,north_america,"Charming riverside views, vibrant arts districts, and a rich industrial history create a welcoming atmosphere full of cultural and culinary discoveries.",4,3,3,1,3,4,3,4,2
18db3d45-0c86-4da9-b5b4-9fbbba0bf443,Adelaide,Australia,oceania,"Charming streets lined with historic buildings and lush parks offer a laid-back vibe, perfect for leisurely strolls and enjoying local wines.",4,3,4,3,3,4,3,3,4
21b7a81d-f0a3-4260-be02-f6c82cc74254,Manama,Bahrain,middle_east,"A blend of modern skyscrapers and traditional souks, offering a warm, welcoming atmosphere with the aroma of spices and sea breezes.",4,3,2,3,4,4,3,4,2
88f49e69-1210-4b97-be1e-b906ca0ebcec,La Paz,Bolivia,south_america,"High-altitude streets buzz with vibrant markets, colorful textiles, and a unique blend of indigenous culture and modern city life.",4,4,4,1,3,3,3,3,3
edb9bd75-975a-438a-8d19-7b506bae3003,Montevideo,Uruguay,south_america,"Strolling along the rambla with the ocean breeze, discovering vibrant street art, and savoring local mate create a welcoming and laid-back vibe.",4,3,3,3,3,4,3,4,3
1ca8e2d5-d8af-4855-a61c-93d3f4557f10,Mendoza,Argentina,south_america,"Vineyards stretch across sunlit valleys, offering rich aromas and flavors, while the Andes provide a breathtaking backdrop to this relaxed, wine-loving region.",3,4,4,1,3,4,3,3,4
20fa6443-16d9-43a4-8cda-d6c9cc93f5e0,Innsbruck,Austria,europe,"Nestled in the heart of the Alps, this city offers stunning mountain views, charming old town streets, and a blend of urban and outdoor adventures.",4,5,5,1,3,4,3,3,3
031fc396-76f4-4789-ad26-26a0ca29b267,Washington DC,United States,north_america,"Monument-lined streets, vibrant museums, and lively neighborhoods create an engaging atmosphere, blending history with modern culture and diverse culinary experiences.",5,2,3,1,3,4,3,5,2
fb56c304-dd9e-433a-8a3b-fda3cdf73cf4,Brussels,Belgium,europe,"Charming cobblestone streets, the scent of fresh waffles, and vibrant squares create an inviting atmosphere perfect for leisurely exploration.",4,2,3,1,3,4,3,4,2
5c5a1424-5c18-4a8a-b4ec-b8084bfc1003,Ottawa,Canada,north_america,"Charming streets lined with historic architecture meet lush green parks, offering a peaceful yet vibrant atmosphere perfect for leisurely exploration.",4,3,4,2,3,3,3,3,3
9c6dae1f-2059-4196-804f-fcd440fb19d0,Brno,Czech Republic,europe,"Charming cobblestone streets and vibrant student life create an inviting energy, while historic architecture and cozy cafés offer delightful moments of discovery.",4,3,3,1,3,4,3,3,2
a72016d1-6e5a-45e9-9d47-b0d1dcff8e69,Tartu,Estonia,europe,"Charming cobblestone streets and vibrant student life create a lively yet laid-back atmosphere, perfect for exploring quaint cafes and historic architecture.",4,2,3,1,3,3,3,3,3
920da6cf-c573-4a7d-94f8-b6f93bccb344,Praia,Cape Verde,africa,"Colorful markets, lively music, and ocean breezes create a vibrant yet laid-back atmosphere that invites you to explore and unwind.",3,3,3,4,3,3,2,3,4
d218703a-93de-47e5-b591-a6a45b3187cd,Harbin,China,asia,"A winter wonderland with intricate ice sculptures, bustling street markets, and the aroma of hearty local dishes filling the crisp air.",4,3,3,1,3,3,2,4,2
51ab40b5-1e27-463a-a1fd-cf9f33a9263a,Moroni,Comoros,africa,Winding streets lined with colorful markets and the aroma of spices create a lively yet laid-back atmosphere by the Indian Ocean.,3,3,4,3,2,3,2,2,4
acd5d99c-5303-4f22-b176-f67a87c7e59c,Prague,Czech Republic,europe,"Cobblestone streets and Gothic architecture create a fairytale-like atmosphere, where historic charm and modern culture blend seamlessly along the river.",5,2,3,1,4,4,3,5,2
29e3c666-7847-4ce2-a1ab-c4036a94b9db,Beijing,China,asia,"A dynamic blend of ancient history and modern innovation, with bustling markets, serene temples, and the aroma of sizzling street food.",5,3,3,1,4,5,3,5,2
e79d9e7b-6fc0-43de-a4fd-df7874e6f754,Lhasa,China,asia,High-altitude streets filled with the scent of incense and the sound of prayer wheels create a serene yet vibrant atmosphere.,5,4,4,1,1,3,4,2,5
16b76b63-d83f-4e9c-86e1-b39fd024f8a9,Aswan,Egypt,africa,"Tranquil river views and ancient temples offer a serene escape, with warm breezes and the gentle flow of the Nile setting the pace.",5,3,4,2,2,4,3,2,4
a3838612-edde-4229-91ba-f6483f24e7c5,Rijeka,Croatia,europe,"Coastal breezes meet lively streets filled with music and laughter, while historic architecture and vibrant markets create a welcoming, dynamic atmosphere.",4,3,4,3,3,4,3,3,3
766463db-8af1-4a9f-95f4-f2bb8a50db45,Cuenca,Ecuador,south_america,"Cobblestone streets lined with colonial architecture and vibrant markets create a charming atmosphere, inviting you to explore its rich cultural heritage.",5,3,4,1,3,4,3,3,4
12aa2887-b59c-4f3d-bad6-7b57dac21879,Giza,Egypt,africa,The awe-inspiring sight of ancient pyramids rising from the golden desert sands creates an atmosphere of timeless wonder and historical intrigue.,5,3,3,1,2,4,2,3,2
1f834fe2-c60c-4806-8880-081a9f7c9b72,Saaremaa Island,Estonia,europe,"Gentle sea breezes, serene coastal landscapes, and charming villages offer a peaceful escape that encourages you to unwind and explore leisurely.",3,3,5,4,2,3,4,2,5
1f31c352-d854-47e4-a556-f0458c248320,Venice,Italy,europe,"Winding canals, charming gondolas, and historic architecture create a romantic atmosphere, where every corner reveals a new story and hidden gem.",5,2,3,1,3,5,3,4,2
4311c598-a756-4776-ab4a-aab47d5252b7,Rennes,France,europe,"Charming streets lined with timber-framed houses, lively markets, and a vibrant student atmosphere create a welcoming and dynamic experience.",4,2,3,2,3,4,3,3,3
7b87f72d-9e50-4e58-9053-cc2e71ff6511,Papeete,French Polynesia,oceania,"A tropical blend of vibrant markets, lush landscapes, and the gentle sound of waves creates a serene yet lively island atmosphere.",3,4,5,5,3,4,4,3,4
c4dbcb6c-a538-4ea4-8949-15abc60cfb20,Lyon,France,europe,"Charming cobblestone streets, riverside views, and an irresistible culinary scene make every moment feel like a delightful discovery.",5,2,3,1,4,5,3,4,2
91cac04b-ad02-4e41-bc20-ad0bbe5e65a0,Bora Bora,French Polynesia,oceania,"Turquoise lagoons and lush green mountains create a serene paradise, where the gentle ocean breeze and vibrant sunsets captivate your senses.",2,4,5,5,2,3,5,1,5
14f66152-9e1f-49a6-af54-b5c594fb958f,Carcassone,France,europe,"Wandering through narrow cobblestone streets, you feel the weight of history enveloped by ancient walls, with the aroma of rustic French cuisine lingering.",5,2,3,1,2,4,2,2,3
c2f88913-cb3d-480a-9468-539f31cda9f7,Osaka,Japan,asia,"Bustling streets filled with neon lights, delicious street food aromas, and the energetic hum of friendly locals create a lively urban vibe.",4,2,3,2,4,5,3,5,2
89a63e37-123a-4dfd-88d2-b7cb58c7b4e4,Banjul,Gambia,africa,"Bustling markets filled with vibrant colors and the aroma of spices, alongside tranquil river views, create a welcoming and lively atmosphere.",3,3,4,4,2,3,2,2,3
bbbaa3f2-5a06-4e14-9626-0ec02a43b129,Hamburg,Germany,europe,"A lively port city where historic architecture meets modern design, offering a relaxed vibe with waterfront strolls and bustling markets.",4,3,3,2,4,4,3,5,2
8487babf-ddba-48fa-aaa9-d8bbf60b7d73,Vilnius,Lithuania,europe,"Charming cobblestone streets and baroque architecture blend with a youthful energy, offering a cozy yet vibrant atmosphere perfect for leisurely exploration.",4,2,3,2,3,3,3,3,3
6cad25d4-a467-4942-9b04-0ace1de123e4,San Cristobal,Venezuela,south_america,"A lively blend of bustling markets, friendly locals, and the refreshing mountain air creates a welcoming and invigorating atmosphere.",3,3,4,1,3,3,3,3,4
3c17a4a0-29e4-4aba-aaba-8f6e831349f1,Lübeck,Germany,europe,Charming cobblestone streets lined with medieval architecture and the scent of marzipan create an inviting and cozy atmosphere for exploration.,4,2,3,2,3,4,3,3,3
c929605b-29fe-440d-9b79-c0a899e95238,Antigua,Guatemala,north_america,Cobblestone streets lined with colorful colonial buildings and vibrant markets create an enchanting atmosphere that feels both historic and warmly inviting.,5,3,4,1,3,4,3,3,4
fd6dcc88-7ef3-4990-a6e2-ae24b08badab,Akureyri,Iceland,europe,"Nestled by stunning fjords, this charming town offers a cozy vibe with colorful houses and a backdrop of snow-capped mountains.",3,4,5,2,2,3,3,3,4
279f4b89-4f47-45b5-bd14-a791517bdf37,Varanasi,India,asia,Winding alleyways filled with the scent of incense and the sound of temple bells create a spiritual and vibrant atmosphere by the river.,5,2,3,1,2,4,3,3,2
37d8bd6e-fad0-4304-93bd-26975ac8944f,Ajaccio,France,europe,"Nestled between mountains and sea, this charming coastal town offers sunlit streets, vibrant markets, and a rich tapestry of history and culture.",4,3,4,4,3,4,3,3,4
077a909f-9984-4cef-8872-07c697cab0fb,Tanna Island,Vanuatu,oceania,"Lush jungles, volcanic landscapes, and welcoming locals create a serene and adventurous atmosphere, inviting you to explore and unwind.",4,4,5,4,1,3,3,1,5
b3d93e9e-ad99-4429-b281-c0750bf6e2c8,Ho Chi Minh City,Vietnam,asia,"Bustling streets filled with the aroma of street food and the hum of scooters create a vibrant, energetic atmosphere that's uniquely captivating.",4,3,2,2,4,5,3,5,2
bebdecac-357c-4178-a4d3-b29d1c286f0d,York,United Kingdom,europe,"Charming cobblestone streets and ancient city walls create a cozy, inviting atmosphere, where history and modern vibrancy coexist beautifully.",5,2,3,1,3,4,3,3,3
49075331-5017-45a7-8645-0c668b2fe1bb,Delhi,India,asia,"Bustling streets filled with vibrant colors, diverse aromas, and the sounds of life create an energetic and unforgettable experience.",5,3,2,1,4,5,3,5,1
19ad6eea-d5b7-4468-8ed3-79e4c795bb7a,Matera,Italy,europe,"Winding stone streets and ancient cave dwellings create an atmosphere of timeless mystery, inviting you to explore its unique history and charm.",5,2,3,1,2,4,3,3,4
3cbd302a-6109-43c9-a113-112542bef4ae,Hiroshima,Japan,asia,"A serene blend of reflective history and modern vibrancy, where tranquil gardens meet bustling streets, offering a deeply moving yet uplifting experience.",5,2,3,2,3,4,3,3,3
0f7e00d1-189f-4504-a23d-71dc70d98ae4,Vientiane,Laos,asia,"Tranquil streets lined with French colonial architecture, vibrant markets, and serene temples create a peaceful yet culturally rich experience.",4,3,3,1,2,4,3,2,4
25da92b8-f1f0-4a49-b8ee-45fbc0f1f17a,Edinburgh,United Kingdom,europe,"Charming cobblestone streets, historic castles, and the sound of bagpipes create a magical atmosphere that feels both ancient and alive.",5,3,3,2,4,4,3,4,2
7e080529-0ecf-4c7a-b6dd-c316c5cfdab7,Lusaka,Zambia,africa,"Bustling markets, vibrant local culture, and open green spaces create a lively yet laid-back atmosphere that's both welcoming and engaging.",3,3,4,1,2,3,2,3,3
6018cfaa-2009-46c1-9b4e-abc97eecad6b,Marrakesh,Morocco,africa,"A sensory feast of vibrant colors, aromatic spices, bustling souks, and serene gardens, creating an enchanting and immersive experience for every visitor.",5,3,3,1,4,5,4,4,2
01db5747-b1a8-4398-851b-5f4be4f7e453,Palawan,Philippines,asia,"Crystal-clear waters, lush green landscapes, and vibrant marine life create a serene escape where relaxation and adventure blend seamlessly.",3,4,5,5,2,3,3,2,5
b5a1cb1c-42d2-4235-a907-6791f1177f34,Ohrid,North Macedonia,europe,"Charming lakeside views, ancient cobblestone streets, and the scent of fresh coffee create a peaceful yet vibrant atmosphere perfect for unwinding.",4,3,5,3,3,3,3,2,4
d61c9838-c92c-4619-aa92-5daf546b71df,Algarve,Portugal,europe,"Golden cliffs and serene beaches meet charming villages, where the scent of grilled sardines and the sound of ocean waves fill the air.",3,4,4,5,3,4,4,3,3
cd74974b-0218-4e6a-b947-13d8ee80dbb7,Bucharest,Romania,europe,"Tree-lined boulevards, eclectic architecture, and lively squares invite you to explore a city where history and modernity coexist seamlessly.",4,2,3,1,4,4,3,4,2
5de00cf4-d669-44be-936b-707e01d25311,Seychelles,Seychelles,africa,"Imagine pristine beaches with powdery sand, lush greenery, and the gentle sound of waves, offering a serene and rejuvenating escape.",2,3,5,5,2,4,4,2,5
c17afe66-e784-4b36-96ff-da56a56ff78a,Zurich,Switzerland,europe,Charming streets lined with elegant boutiques and cozy cafes offer a blend of modern sophistication and rich historical charm.,4,3,4,1,3,4,4,5,2
5c470d58-5ad9-4aaa-903b-fa9a2bed3c68,Dubai,United Arab Emirates,middle_east,"Skyscrapers glisten under the sun, luxury blends with tradition, and the aroma of spices fills the air, creating a uniquely vibrant experience.",4,4,2,4,5,4,5,5,2
89e1f300-6ffd-4c18-a700-c9815dcdad84,Zanzibar,Tanzania,africa,"White sandy beaches, turquoise waters, and the scent of spices fill the air, creating an enchanting and laid-back island vibe.",4,4,5,5,3,4,4,2,4
60a84e59-6313-4576-a15a-b72c3e0dba67,Atlanta,United States,north_america,"Bustling streets lined with lush trees, vibrant arts scenes, and a welcoming Southern charm create a warm and dynamic urban experience.",4,3,3,1,4,4,3,4,2
40167255-1cae-4156-8d8d-cde07255405e,Thimphu,Bhutan,asia,"Nestled in the mountains, this city blends serene monasteries with colorful markets, offering a unique blend of tradition and tranquility.",5,3,4,1,2,3,4,2,5
0a7d0b01-4cdf-4968-81ea-ac4e5d5d2fa1,Los Angeles,United States,north_america,"Endless sunshine, diverse neighborhoods, and the allure of Hollywood create a dynamic atmosphere where every street feels like a new adventure.",4,3,3,4,5,4,4,5,2
4ed326e5-e344-48c0-a1ff-b69d6fdb9b7f,Savannah,United States,north_america,"Cobblestone streets lined with moss-draped oaks create a charming, historic atmosphere, inviting leisurely strolls and a sense of Southern hospitality.",4,3,3,2,3,4,3,3,3
f7d86453-1908-48d0-9b86-63c6a6b7c2ae,Bukhara,Uzbekistan,asia,"Wandering through ancient streets, you'll feel the echoes of history in every corner, with vibrant markets and the scent of spices filling the air.",5,2,3,1,2,3,2,3,4
8a01ffff-5a20-4ddb-af63-f82c9fa0e277,Montreal,Canada,north_america,"Charming streets filled with a mix of European elegance and North American vibrancy, offering lively festivals, diverse cuisine, and artistic flair.",5,3,3,2,4,5,3,5,2
dca139e8-a2d8-4edc-a494-bb831291452e,Hanoi,Vietnam,asia,"Bustling streets filled with the aroma of street food, lively markets, and serene lakes create a vibrant yet peaceful atmosphere.",5,3,3,1,3,5,3,4,2
27867d01-7251-434e-a743-c50193f8dc86,Perth,Australia,oceania,"Sun-kissed beaches meet a laid-back city vibe with sprawling parks, buzzing markets, and a sense of space that feels refreshingly open.",3,4,4,4,3,4,3,3,3
765ff37e-f3fa-48d4-9631-679279fd3045,Cardiff,United Kingdom,europe,"Charming streets lined with historic architecture and lively pubs create a welcoming atmosphere, where you can feel the city's rich cultural heartbeat.",4,2,3,2,4,3,3,4,2
2af06632-f7aa-4f48-88ff-a7f90e8da41e,San Jose,United States,north_america,"A blend of innovation and natural beauty, with sunlit streets, tech-savvy energy, and nearby escapes to lush parks and rolling hills.",3,3,4,2,3,3,3,4,2
c4d01836-2731-498c-afa0-164e08df33be,Orlando,United States,north_america,"Theme parks brimming with excitement, vibrant entertainment districts, and sunny afternoons create a lively atmosphere perfect for family adventures and fun-filled days.",3,4,3,2,4,3,3,4,2
2278b395-3809-4d23-b74d-2e6ebfdce2ed,Sighisoara,Romania,europe,"Cobblestone streets and colorful medieval towers create a fairy-tale setting, inviting you to wander and uncover centuries-old secrets around every corner.",5,3,3,1,2,3,2,2,4
31c38956-bfd7-49a1-82f6-656ae066db1f,Vancouver,Canada,north_america,"Nestled between ocean and mountains, this city offers a harmonious blend of urban excitement and serene natural beauty, perfect for outdoor enthusiasts.",4,4,5,3,4,4,4,5,3
3f80a914-4217-4ee3-87a7-657e5480fea4,Keswick,United Kingdom,europe,"Surrounded by majestic peaks and serene lakes, this charming town offers a peaceful escape with invigorating hikes and quaint local shops.",3,4,5,2,2,3,3,2,4
43e082aa-865c-4847-a8f3-7ee4e77c05de,Bologna,Italy,europe,"Strolling under ancient porticoes, savoring rich aromas of fresh pasta, and enjoying lively piazzas create a warm, welcoming atmosphere.",5,2,3,1,3,5,3,4,2
794e7d71-b99b-415f-8b9c-790ec7773bd1,Isle of Skye,United Kingdom,europe,"Dramatic landscapes with rugged cliffs and serene lochs create an enchanting atmosphere, perfect for exploring nature and experiencing tranquil moments.",3,4,5,3,1,3,3,1,5
f01a2bac-182f-4a9a-bd44-d75f65b50bd7,Guimarães,Portugal,europe,"Cobblestone streets, medieval architecture, and a welcoming atmosphere make wandering feel like stepping back in time, rich with history and charm.",4,3,3,1,2,4,3,3,3
0c2f27fb-d5ed-4047-a16e-05fb872fe7b3,Macau,China,asia,"A unique blend of Portuguese heritage and vibrant Chinese culture, with bustling streets, aromatic food stalls, and dazzling casino lights.",4,3,2,2,5,4,3,5,2
a42b301e-5afe-417e-a81f-9f847e267f88,Salento,Colombia,south_america,"Rolling green hills and colorful streets create a welcoming vibe, with coffee aromas and vibrant landscapes offering a true sensory escape.",4,4,5,1,2,4,3,2,4
9f779614-05dd-41e8-833b-8fa44cee9475,Zagreb,Croatia,europe,"A blend of charming cobblestone streets, vibrant markets, and lively cafes creates an inviting atmosphere filled with history and modern culture.",4,3,3,1,3,4,3,4,2
f206b4f0-81db-4098-8142-a69892f9f14b,Quito,Ecuador,south_america,"Wander through cobblestone streets with vibrant colonial architecture, surrounded by the scent of Andean spices and the hum of lively markets.",5,4,4,2,3,4,3,3,3
b411a358-6873-46d3-b693-174931a4a948,San Salvador,El Salvador,north_america,"Lively streets buzz with local vendors and colorful markets, while nearby volcanoes and lush landscapes offer a sense of adventure and natural beauty.",3,3,3,3,3,4,2,3,2
9cca8483-23d3-4725-b369-ba831d2c16b3,Suva,Fiji,oceania,"Tropical breezes mingle with the vibrant bustle of markets and the warmth of welcoming locals, creating an inviting and lively atmosphere.",3,3,4,3,3,3,3,3,2
0eeb9c0f-6cae-4e46-ba5a-dba09017c4ec,Toulouse,France,europe,"Charming cobblestone streets, pink-hued buildings, and a lively café culture create a welcoming atmosphere that's both vibrant and soothing.",4,3,3,2,4,4,3,4,2
9a4f8eec-e269-42bb-96bd-4c0e0a82df57,Frankfurt,Germany,europe,"Skyscrapers and historic charm blend seamlessly, offering a dynamic cityscape where modernity meets tradition, all underlined by a vibrant cultural scene.",4,2,3,1,4,4,3,5,2
3c3ca961-011a-4144-8dff-741dd64d363e,Accra,Ghana,africa,"Lively streets filled with vibrant markets, rhythmic music, and the aroma of spicy street food create a captivating and energetic atmosphere.",4,3,3,3,3,4,3,3,2
bfb367bf-51e6-4098-89b3-4868a8b7c834,Cayenne,French Guiana,south_america,"Tropical vibes meet colonial charm with bustling markets, vibrant street life, and lush greenery creating a unique and inviting atmosphere.",3,4,5,3,2,3,2,2,4
90ca1550-325d-4036-ae5a-5a2d7518d12a,Launceston,Australia,oceania,"Charming streets lined with heritage buildings, surrounded by lush parks and vineyards, offer a welcoming atmosphere with a touch of rustic elegance.",3,4,5,2,2,3,3,3,4
7c9a3427-bce5-49c4-ace2-b19967022373,Valparaíso,Chile,south_america,"Colorful hillside neighborhoods cascade down to the bustling port, where vibrant street art and ocean breezes create an inspiring, bohemian atmosphere.",4,3,3,3,4,4,3,4,2
265ee9f4-2324-46bc-95e2-11a7b655e833,Colmar,France,europe,"Charming canals lined with half-timbered houses and vibrant flowers create a fairy-tale atmosphere, inviting leisurely strolls and delightful discoveries.",4,2,3,1,2,4,3,2,4
1e1b5cd7-966e-419c-a2d4-c9fe088a9289,Bratislava,Slovakia,europe,"Charming cobblestone streets and lively squares invite you to explore colorful facades, historic landmarks, and cozy cafés offering a warm, welcoming vibe.",4,3,3,1,3,3,3,3,3
1d32dfff-864b-4298-8be7-1f9714936244,Hong Kong,Hong Kong,asia,"A bustling metropolis where neon lights reflect off harbor waters, offering a vibrant mix of street markets, towering skyscrapers, and serene parks.",5,3,3,2,5,5,3,5,2
f03bee1f-4a0c-48b7-9552-b0520359357d,Trinidad,Cuba,north_america,"Cobblestone streets echo with the sounds of salsa music, while colorful colonial buildings and vibrant markets create a lively, timeless atmosphere.",5,3,4,3,3,4,3,2,4
2112510a-fb29-4ca0-82e1-682dc6073880,Plovdiv,Bulgaria,europe,"Charming cobblestone streets, vibrant street art, and ancient ruins create a unique blend of history and modernity, inviting leisurely exploration.",4,3,3,1,3,4,3,3,3
27486037-4990-4ad3-89a3-0d7cf6d3e065,Maui,United States,oceania,"Lush landscapes, vibrant sunsets, and the gentle sound of ocean waves create an inviting and tranquil island atmosphere perfect for unwinding.",3,4,5,5,3,4,4,2,4
de902972-e11c-42e8-858a-a3bf3cca5af4,Khiva,Uzbekistan,asia,"Wander through ancient, sun-drenched streets surrounded by intricately carved minarets and walls, where history whispers from every corner and time feels suspended.",5,2,3,1,2,3,2,2,4
d827d6ed-6c6f-4ab0-b964-26a4defeedef,Belize City,Belize,north_america,"A vibrant mix of Caribbean charm and colonial history, with bustling markets, colorful streets, and the gentle sound of the sea nearby.",3,4,4,3,3,4,3,3,2
e570ec15-1d11-49e6-8a55-1243633a8668,Harare,Zimbabwe,africa,"Vibrant streets filled with colorful markets, the scent of blooming jacarandas, and a lively atmosphere make every moment feel uniquely captivating.",3,3,4,1,2,3,2,3,3
60ee6bbb-54f1-495d-b0ce-8f6c4a73f6ab,Ubud,Indonesia,asia,"Lush rice terraces, serene temples, and a vibrant arts scene create a peaceful yet inspiring atmosphere perfect for rejuvenation and exploration.",4,3,5,2,2,4,5,2,4
fae2433c-c914-436c-9b12-c733c2974ac8,Punta del Este,Uruguay,south_america,"Golden beaches meet vibrant nightlife, creating a lively yet laid-back atmosphere where ocean breezes, art, and music fill the air.",3,3,3,5,5,4,3,4,2
9a1ce654-b167-4225-b87a-49d78a91ca0b,Rapa Nui,Chile,south_america,"Mystical landscapes dotted with iconic stone statues create a serene yet awe-inspiring atmosphere, perfect for those seeking a unique cultural experience.",5,3,4,3,2,3,2,1,5
6ce8aa84-b119-4e84-aaec-fc4a2471cc9e,Cork,Ireland,europe,"Charming streets lined with colorful shops and lively pubs create a welcoming vibe, while the nearby coast offers stunning natural beauty.",4,3,4,2,3,4,3,3,3
b6b694b6-df6b-4aa8-be96-478108285fba,Batumi,Georgia,asia,"A coastal city where lush green mountains meet the Black Sea, offering a blend of modern architecture and charming historic streets.",3,3,4,4,3,4,3,3,2
d0a7fef1-2591-401c-adb2-50b1a432982f,Vladivostok,Russia,asia,"Sweeping ocean views, bustling ports, and a mix of Russian and Asian influences create a dynamic and intriguing atmosphere.",4,3,4,2,3,3,2,3,3
d908e2d3-b5f2-47d7-9cfc-836e69d13fcb,Murmansk,Russia,asia,"Cold winds sweep across the Arctic landscape, where northern lights dance in the sky and the stark beauty of nature feels otherworldly.",3,3,4,1,2,2,2,3,4
5e7318b5-3cc9-462e-b9df-7c6f7bec1885,Moscow,Russia,asia,"Grand architecture, vibrant streets, and a rich cultural tapestry create a dynamic atmosphere where history and modern life intertwine seamlessly.",5,3,2,1,4,4,3,5,2
4bea1fd4-279e-4e2b-a602-f408dbce9017,St Petersburg,Russia,asia,"Grand palaces and winding canals create an enchanting atmosphere, where every corner reveals rich history and artistic treasures.",5,2,3,1,4,4,3,5,2
e10d6c97-8c49-40ca-a97e-231b750532aa,Caye Caulker,Belize,north_america,"Charming sandy streets, vibrant Caribbean colors, and a laid-back vibe invite you to unwind and soak up the island's easygoing atmosphere.",3,4,4,4,3,4,3,2,4
b4e893fc-27d3-47c4-be88-098db36c1cb7,Fort Lauderdale,United States,north_america,"Palm-lined beaches and vibrant nightlife create an inviting atmosphere, where the gentle ocean breeze and warm sun make relaxation effortless.",3,3,3,5,4,4,4,4,2
0bd0743b-8e3c-49d4-8024-bd412f9732fa,Abu Dhabi,United Arab Emirates,middle_east,"Modern skyscrapers meet serene desert landscapes, offering a blend of luxury and tradition with vibrant souks and stunning coastal views.",4,3,3,4,3,4,4,5,2
88216c54-79d7-4a01-92ed-307521f5e34a,Casablanca,Morocco,africa,"Vibrant markets, aromatic spices, and stunning architecture create an inviting atmosphere, blending modern energy with rich cultural heritage.",4,3,2,3,4,4,3,4,2
06251f82-31e2-46f5-ab7d-63a93b3830eb,Meknes,Morocco,africa,Winding streets filled with the scent of spices and the sound of lively markets create a captivating and intimate experience.,4,2,3,1,2,4,3,3,3
8ef45676-53bf-4907-8ea1-b70c49ee8898,Gold Coast,Australia,oceania,"Endless beaches and vibrant nightlife create a lively yet laid-back vibe, with surfers and sun-seekers enjoying the warm, golden sands.",3,4,4,5,4,4,3,4,2
72912524-0a45-40a7-8e75-2f149be0b5e1,Rarotonga,Cook Islands,oceania,"Lush green mountains meet crystal-clear lagoons, offering a tranquil escape where the gentle rhythm of island life captivates your senses.",3,4,5,5,2,3,4,2,5
7b82951d-8bf9-40b7-8a4f-f7c6c33a7839,Funafuti,Tuvalu,oceania,"Gentle sea breezes, vibrant sunsets, and the rhythmic sound of waves create a serene backdrop for a truly tranquil escape.",2,2,3,4,1,2,2,1,5
495888ba-fda1-4ae8-9643-bf29a4d35783,Playa del Carmen,Mexico,north_america,"Sun-drenched beaches, vibrant nightlife, and a laid-back vibe create an inviting atmosphere perfect for both adventure and relaxation.",3,4,4,5,4,4,4,3,2
f71ebf76-ea24-4dab-b1c6-6cc7db2b1483,Sharm El Sheikh,Egypt,africa,Crystal-clear waters and vibrant coral reefs invite you to explore a world of underwater wonders while sun-drenched beaches promise pure relaxation.,3,4,4,5,4,3,4,3,3
6565952d-672a-454a-9ca8-9734f890f4f8,Ayers Rock,Australia,oceania,"The vast, red desert landscape offers a profound sense of solitude, with breathtaking sunsets and the spiritual aura of ancient rock formations.",4,4,5,1,1,2,3,1,5
6eadd02d-f32c-417c-bb80-d060574854dc,Moorea,French Polynesia,oceania,"Lush green mountains meet turquoise lagoons, creating a serene paradise where gentle ocean breezes and vibrant coral reefs invite endless exploration.",3,4,5,5,2,4,5,2,4
79ef5aa6-228e-4206-b00a-c78d150de33f,Salzburg,Austria,europe,"Charming cobblestone streets lead to stunning baroque architecture and cozy coffeehouses, creating a warm, inviting atmosphere that's both historic and lively.",5,3,4,1,3,4,3,3,3
c0890bb0-1dc1-44ea-aaae-323f7eae6891,Turin,Italy,europe,"Strolling through elegant piazzas and baroque architecture, you'll feel the city's rich history and vibrant cultural scene come alive around you.",5,2,3,1,3,4,3,4,2
7f89f78c-acd0-4474-ba0b-f5a3480265f7,Lugano,Switzerland,europe,"Nestled by a serene lake and surrounded by lush mountains, this charming spot offers a delightful blend of Swiss and Italian cultures.",3,3,5,2,3,4,4,3,4
d1bd5b72-0b5f-4968-98c8-c7433fc121e3,Goa,India,asia,"Golden beaches stretch endlessly alongside vibrant markets and aromatic spice-scented air, offering a perfect blend of relaxation and lively culture.",4,4,3,5,5,4,3,3,3
c2007531-2344-4045-bc8e-c7785475829f,Islamabad,Pakistan,asia,"Serene tree-lined streets, vibrant markets, and stunning views of the Margalla Hills offer a peaceful yet dynamic experience.",4,3,5,1,2,4,3,3,4
f887e88d-fece-4030-904c-244950c2fbcc,Fortaleza,Brazil,south_america,"Golden beaches with rolling waves, bustling markets, and vibrant nightlife create an energetic blend of relaxation and excitement.",3,4,3,5,4,4,3,3,2
a0ed4dcc-c815-4220-9b1b-c248ca8d7fbb,Antofagasta,Chile,south_america,"A coastal city where the desert meets the sea, offering dramatic landscapes, vibrant sunsets, and a unique blend of tranquility and adventure.",3,3,4,3,2,3,2,3,3
28ca3ed6-f676-4afa-aee0-6e51a6d14664,Bariloche,Argentina,south_america,Lakeside vistas and snow-capped mountains create a serene backdrop for outdoor adventures and cozy evenings in charming alpine-style lodges.,3,5,5,2,3,4,3,3,4
b27904ec-af5d-44aa-aa43-0b1a133d65af,Quebec City,Canada,north_america,"Cobblestone streets and historic architecture create a charming old-world atmosphere, with lively festivals and cozy bistros offering a warm, inviting experience.",5,3,4,2,3,4,3,4,3
4923888e-b4bc-45ef-a085-8d4d0b63e467,Zion National Park,United States,north_america,"Towering red rock cliffs and serene hiking trails offer a breathtaking escape into nature, where every turn reveals a stunning new vista.",2,5,5,1,1,2,3,1,4
b2526d16-e196-4310-bfc1-11132b7609c4,Espiritu Santo,Vanuatu,oceania,"Lush rainforests, crystal-clear waters, and vibrant coral reefs create an idyllic setting for adventure and relaxation on this tropical island.",3,4,5,5,2,3,3,1,4
613265cd-5dfd-43b3-9488-b02ba5f760bb,Kota Kinabalu,Malaysia,asia,"Lush rainforests meet vibrant city life, offering a blend of natural wonders and cultural richness that invites exploration and adventure.",3,4,5,4,3,4,3,3,3
39cf77ac-c2a3-4cb1-ae25-c7cb07c122ea,Lake Tahoe,United States,north_america,"Pristine blue waters surrounded by towering pines and mountains create a serene escape, perfect for both adventure and relaxation in nature's embrace.",2,5,5,3,3,3,4,2,4
cfa715d4-a4bc-4098-a4a0-4f1908b7d31e,Antalya,Turkey,asia,"Sun-drenched beaches meet ancient ruins and bustling bazaars, offering a blend of relaxation and cultural exploration in a picturesque coastal setting.",4,4,4,5,4,4,4,3,3
12e3b524-020c-47b5-a2ca-cc91986cc068,Cappadocia,Turkey,asia,"Imagine drifting over surreal landscapes in a hot air balloon, where ancient rock formations and vibrant valleys create an otherworldly experience.",4,4,5,1,2,4,3,2,4
f12ed1eb-9cc3-4130-857d-d0b44a884a24,Sidi Bou Said,Tunisia,africa,"Whitewashed buildings with blue accents overlook the Mediterranean, offering a serene atmosphere filled with gentle sea breezes and vibrant local art.",4,2,3,4,3,4,3,2,4
5901959f-3547-4310-a352-26b7bdc5c648,Tehran,Iran,middle_east,"Bustling bazaars and serene parks coexist with historic palaces and modern art scenes, offering a rich tapestry of culture and hospitality.",5,3,3,1,3,4,3,4,2
4c39d806-80b5-4c17-8d65-d669932c6b0a,Byron Bay,Australia,oceania,"A laid-back coastal vibe with stunning beaches, vibrant markets, and lush hinterlands offering a perfect blend of relaxation and adventure.",3,4,5,5,3,4,5,2,3
0ac79b0b-52e2-4a82-81f8-7037b479abd8,Port Douglas,Australia,oceania,"Tropical breezes, lush rainforests, and the vibrant coral of the Great Barrier Reef create a serene paradise perfect for unwinding and adventure.",3,4,5,5,2,4,4,2,4
cfeb4496-538e-484f-9916-e9b72c6ceb5b,Tahiti,French Polynesia,oceania,"Lush landscapes and tranquil lagoons invite a sense of serenity, where vibrant markets and local flavors add a touch of island warmth.",3,4,5,5,2,4,5,2,5
7b55c1af-cb3c-4d98-a0f4-1d25b46169f0,Santa Cruz de la Sierra,Bolivia,south_america,"A bustling city with vibrant markets, lush parks, and a warm tropical climate that invites you to explore its lively streets and local flavors.",3,3,4,1,3,3,3,3,3
a9269258-bf5e-4a33-9c09-808b6c94e613,Montego Bay,Jamaica,north_america,"Golden beaches meet turquoise waters, creating a laid-back vibe where reggae rhythms and the scent of jerk spices fill the air.",3,4,4,5,4,4,3,3,3
a62cc361-2d5d-4e24-b6f1-92cb764c348b,Acapulco,Mexico,north_america,"Golden beaches meet vibrant nightlife, where the sound of crashing waves and lively music create an atmosphere that's both thrilling and laid-back.",3,4,3,4,4,4,3,3,2
c088e9eb-7dff-40bb-99a9-167f3f1e41c1,Manuel Antonio National Park,Costa Rica,north_america,"Lush rainforests meet sandy beaches under a vibrant sun, where playful monkeys and colorful birds create an enchanting, tropical experience.",2,4,5,5,2,3,3,1,4
443799ea-fcbb-4e6d-93f4-a93b566fabeb,Kuwait City,Kuwait,middle_east,"A modern skyline meets traditional souks, where the aroma of spices and the warmth of the desert sun create an inviting atmosphere.",3,2,2,3,3,4,3,4,2
1eff31fe-7c4b-4c44-8903-21af5c9cee6f,Uluru,Australia,oceania,"The vast, red desert landscape is both humbling and awe-inspiring, with sunsets casting a magical glow over the ancient rock formations.",4,4,5,1,1,3,3,1,5
c1faff29-53b8-40cb-bff9-7a61b80ca761,Lautoka,Fiji,oceania,"A vibrant port city where the aroma of sugarcane wafts through the air, blending with the lively sounds of bustling markets.",3,4,4,4,2,3,4,2,4
62d37ff4-2fe7-478b-80f1-e3295093b971,Nadi,Fiji,oceania,"Tropical breezes and vibrant markets greet you, where lush greenery meets sandy beaches, creating a laid-back yet lively atmosphere.",3,4,5,5,3,3,4,2,4
19a99c6a-6928-45e1-a301-8641c574de20,Lausanne,Switzerland,europe,"Nestled by the lake, this city charms with its blend of historic architecture, vibrant cultural scene, and stunning alpine views.",4,3,4,1,3,4,4,4,3
8a08d8b4-53f9-4662-a275-cf3d38a4bccc,Vilamoura,Portugal,europe,"Sun-drenched marina views, vibrant nightlife, and golden beaches create a lively yet relaxed atmosphere perfect for unwinding and enjoying coastal charm.",3,3,4,5,4,4,4,3,3
1c6eef16-2336-40a1-831c-7f079f7f8699,Cologne,Germany,europe,"Charming cobblestone streets, the majestic cathedral, and lively beer halls create a welcoming atmosphere filled with history and vibrant local culture.",4,2,3,1,4,4,3,4,2
b4e07312-dd97-45dd-9ed0-53654f6e5056,Pisa,Italy,europe,"Charming narrow streets open up to sunlit squares, with the aroma of fresh pasta and the sound of church bells filling the air.",4,2,3,2,3,4,3,3,2
eddbf22e-af63-4a95-a7ff-3dd8545f9e2e,Kandy,Sri Lanka,asia,"Lush hills, serene lakes, and the scent of temple incense create a tranquil atmosphere that's both spiritually uplifting and visually stunning.",5,3,4,1,2,4,3,3,3
cc8ddc39-c410-4a92-aefc-09cfee5dbc79,Yangon,Myanmar,asia,"Bustling streets filled with vibrant markets, golden pagodas glistening in the sun, and the warm smiles of locals create a welcoming energy.",4,3,3,1,2,4,3,3,2
15583c28-1e8a-46d5-b4c2-342b99cdb091,Lima,Peru,south_america,"A lively blend of colonial charm and vibrant modernity, with bustling markets, ocean views, and the tantalizing aroma of street food.",5,3,3,2,4,5,3,4,2
676ac4da-c47a-4027-bc2e-8794a836fcf6,Iguazu Falls,Argentina,south_america,The thunderous roar of cascading water and the lush embrace of the surrounding rainforest create an awe-inspiring natural spectacle.,3,5,5,1,2,3,3,2,4
40236b15-2f9a-482a-8454-72ebd9dfed1b,Santa Marta,Colombia,south_america,"Golden beaches meet lush mountains, creating a laid-back vibe where you can savor fresh seafood and vibrant sunsets by the sea.",4,4,5,4,3,4,3,3,4
61367a40-b3c0-49c2-8f41-7d0b15056f03,Cali,Colombia,south_america,"Lively streets filled with salsa rhythms, vibrant street art, and the aroma of empanadas create an infectious energy that's hard to resist.",4,3,3,2,5,4,3,3,2
2e1f1b6c-cf05-4393-b747-151592f27e7a,Cancun,Mexico,north_america,"Powdery white sand beaches, turquoise waters, and lively nightlife create a vibrant atmosphere perfect for both relaxation and adventure.",3,4,3,5,5,4,4,3,2
917e3c0b-4f5f-4333-b873-ccd8836da874,San Antonio,United States,north_america,Historic missions and lively riverside pathways invite you to wander through a city rich with cultural charm and Texan hospitality.,4,3,3,1,3,4,3,4,2
87be4d07-b23b-4477-a76e-a6649b328789,Malaga,Spain,europe,"Sun-drenched beaches, vibrant tapas bars, and historic architecture create a lively yet relaxed atmosphere that invites leisurely exploration and indulgence.",4,3,3,4,4,4,3,4,2
a0200fc5-19ef-4717-9121-04e93ef60ae9,Medellín,Colombia,south_america,"Lush green hills surround a vibrant city buzzing with music, art, and the warmth of its welcoming people, offering endless exploration.",4,4,3,1,4,4,3,4,2
1a386d6a-e1e0-4c8d-b452-ba6851cd56f6,Granada,Spain,europe,"Winding cobblestone streets lead to vibrant plazas filled with the aromas of tapas, while the Alhambra's majestic presence captivates with its historic allure.",5,3,3,2,4,5,3,4,2
5d00db66-5d2c-450b-be1d-9c9bde506ac0,Linz,Austria,europe,"A blend of historic charm and modern innovation, with riverside walks, vibrant arts scenes, and a welcoming atmosphere that invites exploration.",4,2,3,1,3,3,3,4,2
ae4f0783-8381-40aa-a59f-21ac90f3ac43,Leipzig,Germany,europe,"Charming cobblestone streets, vibrant arts scene, and lively music venues create a welcoming vibe that's both culturally rich and refreshingly laid-back.",4,2,3,1,4,4,3,4,2
63063324-d84d-44b2-9329-8f80e881d2db,Hue,Vietnam,asia,"Ancient temples and serene riverside views offer a peaceful escape, with fragrant street food and friendly locals adding to the charm.",5,3,3,2,2,4,3,3,4
e404bce8-ac29-4a27-bc11-a6e677c79ae9,Braga,Portugal,europe,"Charming cobblestone streets and ancient churches create a serene atmosphere, while lively squares and local eateries offer a warm, welcoming experience.",4,2,3,2,3,4,3,3,3
7cca7133-fa5c-4ef8-bf83-f9a9221130cb,Ha Long,Vietnam,asia,"Misty limestone karsts rise dramatically from emerald waters, creating a serene and mystical atmosphere perfect for peaceful exploration and reflection.",3,4,5,3,2,4,3,2,4
7501d127-18a5-4b9a-8b57-c171d707d2d8,Manaus,Brazil,south_america,"A bustling gateway to the Amazon, where vibrant markets, lush rainforests, and the confluence of rivers create a unique sensory adventure.",4,4,5,2,3,4,3,3,4
7517208d-21a3-426b-9489-798ff1e26967,San Andrés,Colombia,south_america,"Turquoise waters, vibrant coral reefs, and a laid-back island vibe invite you to unwind and enjoy the sun-drenched beaches and local culture.",2,4,4,5,3,3,3,2,4
51be0fb4-70bd-42c9-90d2-1f3d18ac005c,Búzios,Brazil,south_america,Charming cobblestone streets lined with vibrant boutiques and cozy beachside bars create a laid-back vibe perfect for unwinding and soaking up the sun.,3,4,4,5,4,4,3,2,3
7aed9c1b-6faa-4177-aea9-2c32c6ca34f9,Florianópolis,Brazil,south_america,"A blend of vibrant beaches, lush greenery, and lively markets creates a laid-back yet energetic vibe perfect for unwinding and exploring.",3,4,5,5,4,4,3,4,3
5407caa2-9db7-4bcb-af71-00b5f8146bf0,San Carlos de Bariloche,Argentina,south_america,"Nestled in the Andes, this destination offers stunning lake views, cozy alpine-style chalets, and a sense of tranquility amidst breathtaking natural beauty.",3,5,5,2,3,4,3,3,4
2dddf603-1db5-4f2f-a38b-0ca221a2c029,Niagara Falls,Canada,north_america,"Roaring waters cascade with breathtaking power, mist hangs in the air, and the vibrant energy of nature leaves you in awe.",3,4,5,2,3,3,3,3,2
dbd636c4-9ea8-484d-8c03-ddd4afbef234,Darwin,Australia,oceania,"A vibrant blend of tropical climate, diverse wildlife, and rich Indigenous culture creates an inviting and adventurous atmosphere for exploration and discovery.",3,4,4,3,3,3,3,3,3
4275d73f-3ab5-4d42-a0ec-d960af797dbd,Great Barrier Reef,Australia,oceania,Crystal-clear waters teeming with vibrant marine life and coral formations create a mesmerizing underwater world perfect for exploration and awe.,2,5,5,5,2,3,3,1,4
87d97654-895c-4b23-91a9-4683b9f17ca3,Amritsar,India,asia,"Golden hues of the temple shimmer in the sun, while the aroma of spices and the hum of prayers create a serene, vibrant atmosphere.",5,2,3,1,2,5,3,3,2
c6d2af39-1f3d-414e-a3fd-bfb3046ed797,Machu Picchu,Peru,south_america,"Misty mountain peaks and ancient stone terraces create a mystical atmosphere, inviting you to explore and connect with history and nature.",5,5,5,1,1,3,2,1,4
f8f7bb79-2b58-449d-80db-aec499bb2f24,Antwerp,Belgium,europe,"Cobblestone streets lined with historic buildings, vibrant art scenes, and bustling markets create a lively yet charmingly intimate atmosphere.",4,2,2,1,4,4,3,4,2
b896db96-451a-4b69-aa09-60c677573869,Nuremberg,Germany,europe,"Charming medieval streets, vibrant markets, and a rich history offer a delightful blend of old-world charm and modern vibrancy.",4,2,3,1,3,4,3,4,2
9df51067-3c5a-43b1-adad-bcd6778f096c,Funchal,Portugal,europe,"Charming cobblestone streets lined with vibrant flowers, ocean breezes, and the aroma of local cuisine create a welcoming and relaxed atmosphere.",4,3,5,3,3,4,4,3,4
7a9eddac-e034-48ef-9bfd-6c22872b0b9f,Nuwara Eliya,Sri Lanka,asia,"Mist-covered hills and lush tea plantations create a cool, serene atmosphere, perfect for unwinding and soaking in nature's beauty.",3,3,5,1,2,3,4,2,4
721438aa-e640-4fea-a704-7c336b9e6994,Naypyidaw,Myanmar,asia,"Wide, quiet streets and sprawling landscapes create a serene atmosphere, offering a unique glimpse into a city designed for calm exploration.",2,2,3,1,1,2,2,2,4
b899c1cb-9a0f-4ee5-bf79-dcb5eef9f5ef,Rosario,Argentina,south_america,"Riverfront parks, lively streets, and a mix of modern and historic architecture create a welcoming atmosphere that's both vibrant and laid-back.",4,3,3,2,4,4,3,4,2
bf26a0cb-e3b3-4849-89a3-619fff9c5cec,Nazca,Peru,south_america,"Endless desert landscapes meet ancient mysteries, with a quiet charm that invites you to explore its enigmatic lines and vibrant local culture.",4,3,3,1,2,3,2,2,4
969d48bd-820e-41da-baef-370028e33139,Los Cabos,Mexico,north_america,"Golden beaches meet the azure sea, with vibrant nightlife and serene desert landscapes offering a captivating blend of relaxation and adventure.",3,4,4,5,4,4,4,3,3
25a78dc9-fc62-41fb-95db-b2557dacf493,Charleston,United States,north_america,"Charming cobblestone streets lined with historic homes, the scent of saltwater in the air, and a welcoming Southern hospitality create a warm atmosphere.",4,3,3,3,3,5,3,3,3
f995d5c0-49d2-495e-890e-c6aa0eda12d6,Cozumel,Mexico,north_america,"Crystal-clear waters, lively coral reefs, and gentle ocean breezes create a serene paradise perfect for snorkeling, diving, and unwinding by the beach.",3,4,4,5,3,4,3,2,4
9e8b73c7-88c3-44f5-ba9c-9f38389e0a27,Lille,France,europe,"Charming cobblestone streets, vibrant squares, and a mix of Flemish and French influences create a welcoming atmosphere full of character and warmth.",4,2,2,1,3,4,3,4,2
f5d28e62-c1af-48f7-b421-abfc658ec04a,Arica,Chile,south_america,"Sun-drenched coastal vibes mix with desert landscapes, offering a unique blend of serene beaches and captivating cultural history.",3,4,4,4,3,3,3,2,4
46c37e19-a316-4859-af1f-ceeb0405c996,Plitvice Lakes,Croatia,europe,"Wandering through lush forests and cascading waterfalls, you'll feel a serene connection with nature, surrounded by vibrant turquoise lakes and tranquil pathways.",2,4,5,1,1,3,3,1,4
be2239a3-3b9f-4d90-bc3a-895bb5bb716c,Taupo,New Zealand,oceania,"Nestled by a sparkling lake and surrounded by geothermal wonders, this place offers a serene escape with stunning natural beauty and adventure.",3,5,5,2,3,3,4,2,4
44aaa492-d7a7-43bb-a9bf-4f0ecc209def,Yellowstone National Park,United States,north_america,"Expansive landscapes filled with geysers, hot springs, and diverse wildlife create an awe-inspiring experience of natural beauty and tranquility.",2,5,5,1,1,2,3,1,5
ba3d2dcb-3018-423f-8ede-9d98932aaf84,Key West,United States,north_america,"Sun-drenched streets with a laid-back vibe, vibrant art scenes, and ocean breezes create a carefree, tropical escape full of charm.",3,4,4,5,4,4,3,3,3
7896af24-7851-4897-875f-8cc5a6b0db3d,Dunedin,New Zealand,oceania,"Charming streets lined with historic architecture and lush greenery create a peaceful atmosphere, inviting leisurely strolls and moments of quiet reflection.",4,3,4,3,3,3,3,3,4
9a10528e-3c25-4940-87d2-8128bf30ebf6,Kangaroo Island,Australia,oceania,"Wild landscapes and pristine beaches create a serene escape, where you can encounter unique wildlife and feel truly connected to nature.",3,4,5,4,2,3,3,1,5
a1214554-4336-4df9-a684-9cf732fa5e4d,Bay of Islands,New Zealand,oceania,"Lush green islands dotting azure waters, where dolphins play and sunsets paint the sky, create a serene escape from the everyday.",3,4,5,4,2,3,3,2,4
b5e5c850-d1b7-4e4e-a033-6d3ca99ec5f2,Aarhus,Denmark,europe,"Charming streets lined with modern architecture and cozy cafes create a welcoming atmosphere, with a vibrant cultural scene that feels refreshingly authentic.",4,2,3,3,3,4,3,4,3
698a9015-6471-435f-ba0b-7abe02719fc7,Vancouver Island,Canada,north_america,"Lush rainforests, rugged coastlines, and charming towns create an inviting atmosphere, perfect for outdoor adventures and tranquil moments by the sea.",3,4,5,4,2,3,4,2,4
91ace5e5-3303-4877-bc9d-7e024b7709f7,Savusavu,Fiji,oceania,"Tucked away on a tranquil bay, this tropical haven offers lush landscapes, warm ocean breezes, and a welcoming, laid-back island vibe.",3,4,5,5,2,3,4,2,5
978b5150-6f7a-49df-948b-6100df026098,Bristol,United Kingdom,europe,Historic streets lined with vibrant street art and cozy pubs create a lively yet laid-back atmosphere perfect for leisurely exploration.,4,3,3,2,4,4,3,4,2
69490fbc-853e-444e-87e4-b746d4798476,Rovaniemi,Finland,europe,"Snow-draped forests, cozy log cabins, and the ethereal dance of the Northern Lights create a magical winter wonderland experience.",3,4,5,1,2,3,3,2,4
b5c30c5f-7fb4-4604-9a99-400be0c251d8,Viña del Mar,Chile,south_america,"Ocean breezes, golden beaches, and vibrant gardens create a laid-back vibe, perfect for leisurely strolls and soaking in coastal beauty.",3,3,4,4,4,4,3,4,2
f38b9348-e581-4de5-bafa-1efb5c28e458,Nelson,New Zealand,oceania,"Sun-drenched coastal charm with vibrant markets and lush vineyards invites a laid-back exploration of art, nature, and local flavors.",3,4,5,3,2,3,3,3,4
778d28df-a4fa-4328-896e-4a9f80216fda,Maun,Botswana,africa,"A gateway to the Okavango Delta, offering a serene blend of wildlife sounds, warm sunsets, and the gentle flow of the river.",3,5,5,1,2,3,3,2,4
44fb18eb-2641-46ab-b3fa-df6870ba3c74,Gothenburg,Sweden,europe,"A charming city with picturesque canals, lush parks, and a vibrant cultural scene, making every stroll feel both refreshing and inspiring.",4,3,4,3,3,4,3,4,3
8c8c7203-2a45-44ba-9fb2-b5158104375e,Manchester,United Kingdom,europe,"Industrial heritage meets modern creativity, where lively music scenes and diverse eateries fill the vibrant streets with energetic charm and cultural depth.",4,2,2,1,4,4,3,4,2
ba72b976-10f9-4415-a818-32cf17d8e649,Copenhagen,Denmark,europe,"Charming canals, vibrant neighborhoods, and a seamless blend of modern design with historic architecture create a cozy yet dynamic atmosphere.",5,2,3,2,4,4,3,5,2
62caf451-c399-4d64-a770-1efd93a603ef,Sucre,Bolivia,south_america,"Whitewashed colonial buildings, vibrant plazas, and a laid-back atmosphere invite you to wander cobblestone streets and soak in the rich history.",4,3,3,1,2,3,2,2,4
